DATE,port_log
2016-01-26,0.00894378001188274
2016-01-27,-0.005780006017548359
2016-01-28,0.00642456507574316
2016-01-29,0.0102682402481202
2016-02-01,0.00179661423381952
2016-02-02,-0.01061850910355132
2016-02-03,0.008197554708147701
2016-02-04,0.00623679225914606
2016-02-05,-0.01362871787966296
2016-02-08,-0.007153958374688319
2016-02-09,0.00423013435251266
2016-02-10,-0.0028840241419923005
2016-02-11,-0.00246713200561806
2016-02-12,0.007101765883243899
2016-02-16,0.006432397525955059
2016-02-17,0.009807669190817579
2016-02-18,-0.00453322494941308
2016-02-19,0.0012445408854112642
2016-02-22,0.0046727325753015796
2016-02-23,-0.00759216769162252
2016-02-24,0.0028394798521797202
2016-02-25,0.0069520808137584
2016-02-26,-0.00454789008843644
2016-02-29,-0.00724108815167012
2016-03-01,0.01337937357805042
2016-03-02,0.00237781734895068
2016-03-03,0.005876617255201701
2016-03-04,0.0042391380201981
2016-03-07,0.00031272475480038
2016-03-08,-0.00591079362718992
2016-03-09,0.00280611660436768
2016-03-10,0.00514224558361036
2016-03-11,0.0104020546850787
2016-03-14,-0.00337745392378768
2016-03-15,-0.0009231640879232398
2016-03-16,0.0020167455777330597
2016-03-17,0.012555086223299358
2016-03-18,0.0017882902109029597
2016-03-21,-0.0005441056187908
2016-03-22,-0.0016650351553536
2016-03-23,-0.0057722829033897
2016-03-24,-0.0006208445090777
2016-03-28,0.00200763210359958
2016-03-29,0.005052666888807019
2016-03-30,0.007077832098790621
2016-03-31,0.0008875642020473003
2016-04-01,0.0036109329374304
2016-04-04,-0.0018929131107638408
2016-04-05,-0.00653961862822342
2016-04-06,0.00823628873718658
2016-04-07,-0.00877165885329612
2016-04-08,0.002371639642353
2016-04-11,-0.00143577157151092
2016-04-12,0.00517314972389964
2016-04-13,0.0019721486151061994
2016-04-14,-0.00057055060767344
2016-04-15,0.00057952156110768
2016-04-18,0.00486683883457042
2016-04-19,0.0037159456646293004
2016-04-20,-0.00112876107378384
2016-04-21,-0.00414970304598092
2016-04-22,-0.002171850803405515
2016-04-25,0.00015552426214496024
2016-04-26,0.0026807009611578402
2016-04-27,0.00113015318482686
2016-04-28,-0.00545825223762024
2016-04-29,0.0010307225524212997
2016-05-02,0.007281389121586299
2016-05-03,-0.005506724239325979
2016-05-04,-0.00433816712567896
2016-05-05,-0.00300924600405306
2016-05-06,0.0024976013825295596
2016-05-09,-0.00021408125348976008
2016-05-10,0.006882133754238839
2016-05-11,-0.003732115432101079
2016-05-12,-0.00234498873512228
2016-05-13,-0.00814295195599404
2016-05-16,0.00705177733632202
2016-05-17,-0.005355861765866421
2016-05-18,-0.00203497418087536
2016-05-19,-0.0044335969917617
2016-05-20,0.00335110118478774
2016-05-23,-0.00178831168240912
2016-05-24,0.00646986882000298
2016-05-25,0.0044932079656641
2016-05-26,0.0009481065569528001
2016-05-27,0.0009898478521140996
2016-05-31,-0.00078014267679398
2016-06-01,0.00175397543400508
2016-06-02,0.0014057245731051598
2016-06-03,0.004405187508760081
2016-06-06,0.0037776004986309
2016-06-07,0.0006322333393390799
2016-06-08,0.00374063930248724
2016-06-09,-0.0035305208428069402
2016-06-10,-0.007228910660919341
2016-06-13,-0.004853520337640628
2016-06-14,-0.00378398036689278
2016-06-15,7.078368244676017e-05
2016-06-16,-0.0010163985587580801
2016-06-17,0.0015398713358491605
2016-06-20,0.00567204474350542
2016-06-21,-0.0003589983425853398
2016-06-22,-0.00014025431396067986
2016-06-23,0.01103694904894308
2016-06-24,-0.03073143176051394
2016-06-27,-0.01464134850969918
2016-06-28,0.01165555040610102
2016-06-29,0.0124067759876339
2016-06-30,0.00501416173598172
2016-07-01,0.00524439895450844
2016-07-05,-0.00646235955753492
2016-07-06,0.00309491392967876
2016-07-07,-0.00095671759611148
2016-07-08,0.00810566812569288
2016-07-11,0.00229527749399032
2016-07-12,0.00523978326929652
2016-07-13,0.0014510791326045
2016-07-14,0.00303922868453728
2016-07-15,-0.00236203052797744
2016-07-18,0.0020421158133589
2016-07-19,-0.0031071263559544404
2016-07-20,0.0023024250008080597
2016-07-21,-0.0018444839174643398
2016-07-22,0.0009794186758143803
2016-07-25,-0.0013722002294933198
2016-07-26,0.00033934575436966
2016-07-27,-0.00057395720497764
2016-07-28,0.00480321906375324
2016-07-29,0.0036372270689666404
2016-08-01,-0.00047592344978225994
2016-08-02,-0.0020792236752121603
2016-08-03,-8.730527170372026e-05
2016-08-04,-0.0011637089165352202
2016-08-05,0.0031952627857235196
2016-08-08,-0.00061669329359314
2016-08-09,0.00138758154023838
2016-08-10,0.00046893414449174025
2016-08-11,0.0027266002179619597
2016-08-12,-0.00033457989832806005
2016-08-15,0.00263898615108136
2016-08-16,-0.00052017932265822
2016-08-17,0.0006231942843178199
2016-08-18,0.00383192387710086
2016-08-19,-0.00114724860155168
2016-08-22,-0.00076205571207644
2016-08-23,0.0009577347343393999
2016-08-24,-0.00499609179604524
2016-08-25,-0.00018055636828463988
2016-08-26,-0.002262971333455
2016-08-29,0.0011660751819714595
2016-08-30,-0.00231975728237112
2016-08-31,-0.00157069236094748
2016-09-01,0.0016940181099925975
2016-09-02,0.0012269036068445999
2016-09-06,0.00460841560699396
2016-09-07,-5.22236950019213e-05
2016-09-08,-0.00069515961949324
2016-09-09,-0.01639197738208982
2016-09-12,0.009312546426359099
2016-09-13,-0.00853784528906348
2016-09-14,0.0006778066288959
2016-09-15,0.00514689449763146
2016-09-16,-0.00533825046340474
2016-09-19,0.0006692050719823554
2016-09-20,-7.106186007154e-05
2016-09-21,0.006264065317059959
2016-09-22,0.00617363541390472
2016-09-23,-0.0036657677964426396
2016-09-26,-0.00350332000693332
2016-09-27,0.0016475357841499397
2016-09-28,0.00288388229776266
2016-09-29,-0.0040506616728149805
2016-09-30,0.0045482933201406
2016-10-03,-0.0029574571907998604
2016-10-04,-0.0029093814155953398
2016-10-05,0.0020012697803401596
2016-10-06,-0.0010710814298247402
2016-10-07,-0.0020269681842341003
2016-10-11,-0.008142208941487681
2016-10-12,-0.0010518752799440999
2016-10-13,-0.00099180908801386
2016-10-14,-0.0018042939447933401
2016-10-17,-0.0012797495764593396
2016-10-18,0.0035757701902147995
2016-10-19,0.000184587209618
2016-10-20,-0.0019949669790672
2016-10-21,-0.0025458587657915042
2016-10-24,0.00365215725866172
2016-10-25,-0.0022094594457978
2016-10-26,-9.129582683459984e-05
2016-10-27,-0.00223471108347474
2016-10-28,-0.0007688458647842199
2016-10-31,0.0009496508888221201
2016-11-01,-0.0011774558046062796
2016-11-02,-0.0011484530949381197
2016-11-03,-0.00356029335835684
2016-11-04,-2.820125943261986e-05
2016-11-07,0.01019155554201888
2016-11-08,0.0021139360377710396
2016-11-09,0.0036259549051039803
2016-11-10,-0.00139550042409858
2016-11-14,-0.006796286882856581
2016-11-15,0.00458368236566344
2016-11-16,-0.00195829188610832
2016-11-17,0.0011883671755144399
2016-11-18,-0.00354137688843044
2016-11-21,0.00434698947683512
2016-11-22,0.00208974474955312
2016-11-23,-0.0017063474450363402
2016-11-25,0.0036675782990818603
2016-11-28,-0.0038789625405190598
2016-11-29,0.00268727531541566
2016-11-30,-0.00340518039534604
2016-12-01,-1.0222095120199746e-06
2016-12-02,0.0014400702297829803
2016-12-05,0.005614595444867721
2016-12-06,0.0018191647450720196
2016-12-07,0.009373743055485561
2016-12-08,-0.003681728812433921
2016-12-09,0.00037790787375797984
2016-12-12,0.0017761541664879006
2016-12-13,0.00500331524890752
2016-12-14,-0.00410112675771394
2016-12-15,-0.008364194429799921
2016-12-16,0.0020594596384085
2016-12-19,0.0007245838298954399
2016-12-20,0.00010501433926853997
2016-12-21,-0.00013102571795145968
2016-12-22,-8.420248487055995e-05
2016-12-23,0.0006357117591057201
2016-12-27,0.0016919329714888199
2016-12-28,-0.0076828672527668
2016-12-29,0.0035413599465597
2016-12-30,-0.0002789666444951997
2017-01-03,-0.00011847175143522067
2017-01-04,0.00572113549511488
2017-01-05,0.00416877040855322
2017-01-06,0.00066966833798508
2017-01-09,-0.00152732067232996
2017-01-10,-0.00015131454691512
2017-01-11,-0.00100006082486312
2017-01-12,0.0049480146562278
2017-01-13,-0.0004316672588891
2017-01-17,0.0008435025001603405
2017-01-18,0.0005708159851320799
2017-01-19,-0.00412147123940172
2017-01-23,0.00451805674283796
2017-01-24,0.00426090855924314
2017-01-25,0.004573080151397359
2017-01-26,-0.0031686702584638403
2017-01-27,0.00022895765750967996
2017-01-30,-0.003953498901239859
2017-01-31,0.00367534732775738
2017-02-01,-0.00115729474322644
2017-02-02,0.0019747305936815003
2017-02-03,0.003972670899392019
2017-02-06,-0.00353794223066458
2017-02-07,-0.00139513259191406
2017-02-08,0.00108885040733892
2017-02-09,0.0015694506339921598
2017-02-10,0.00183547257349248
2017-02-13,0.0013701405641513601
2017-02-14,0.0014175172255161403
2017-02-15,0.00374359719094326
2017-02-16,0.0018523031459821001
2017-02-17,-0.0007235091962796202
2017-02-21,0.0012366204103221794
2017-02-22,-0.00049810311637898
2017-02-23,0.0014244187230143801
2017-02-24,0.00066856393387508
2017-02-27,0.00227056795800234
2017-02-28,-0.0017749638295677201
2017-03-01,0.006109237273100719
2017-03-02,-0.00542397710090398
2017-03-03,0.00174528624433264
2017-03-06,-0.0006827757461375396
2017-03-07,-0.00190170510819756
2017-03-08,-0.0026973131080126
2017-03-09,0.00195607633279976
2017-03-10,0.00500700494260458
2017-03-13,0.00033245214172322
2017-03-14,-0.0029691511965806395
2017-03-15,0.004439870236355739
2017-03-16,0.00306667496153944
2017-03-17,-0.0006401612913308
2017-03-20,-0.00076054748045388
2017-03-21,-0.00541382785411992
2017-03-22,0.0007626801745081199
2017-03-23,-0.00111827326605482
2017-03-24,0.00019731569199950012
2017-03-27,0.0021913129849723003
2017-03-28,0.0032309291216706393
2017-03-29,-0.00290337366451532
2017-03-30,0.0006412267834818399
2017-03-31,-0.00240009105783364
2017-04-03,-0.0025971320040448003
2017-04-04,0.0006733912747495
2017-04-05,-0.00194827594257546
2017-04-06,0.00078120480762126
2017-04-07,-0.0018130908855927802
2017-04-10,3.553507742708e-05
2017-04-11,-0.00055937253890648
2017-04-12,-0.00237327169785736
2017-04-13,-0.0033872197006801193
2017-04-17,0.0062731548943641595
2017-04-18,-2.217890971097959e-05
2017-04-19,-0.000993329718404626
2017-04-20,0.00641804005549026
2017-04-21,-0.0042105064410917995
2017-04-24,0.01211445642123392
2017-04-25,0.00713161769395082
2017-04-26,-0.00282206308900956
2017-04-27,3.720061021172e-05
2017-04-28,-9.211457102619933e-06
2017-05-01,0.0016620962633342
2017-05-02,0.000639724879095
2017-05-03,-0.00039682360966561994
2017-05-04,0.0020670430105258204
2017-05-05,0.00350453339017076
2017-05-08,-0.0024588007537203345
2017-05-09,-0.00256016482364894
2017-05-10,0.00060441739186096
2017-05-11,-0.0014462860172299399
2017-05-12,0.0012045163770472403
2017-05-15,0.0047946787131122205
2017-05-16,0.0029617734260343207
2017-05-17,-0.00877367153181088
2017-05-18,0.0020643082748769
2017-05-19,0.006197362229391599
2017-05-22,0.004729062929593
2017-05-23,-0.00025335178356390015
2017-05-24,0.0006692073742372201
2017-05-25,0.00419541967015284
2017-05-26,-0.0015289061255603401
2017-05-30,-0.00025790961871843994
2017-05-31,0.0016151777040062602
2017-06-01,0.0037415904147734794
2017-06-02,0.00421305456205294
2017-06-05,-0.0014415312809436401
2017-06-06,-0.00110125571405286
2017-06-07,-0.00012630942926736006
2017-06-08,-0.0005167045298983201
2017-06-09,-0.0014621804443920201
2017-06-12,-8.738010861863987e-05
2017-06-13,0.0023435899934926203
2017-06-14,0.0023571801710464404
2017-06-15,-0.00580383516304618
2017-06-16,0.00167380051656618
2017-06-19,0.0037707499891327795
2017-06-20,-0.0053239212665024595
2017-06-21,0.00033291691141966
2017-06-22,-9.406049872289998e-05
2017-06-23,0.0026543919313603602
2017-06-26,0.00018944636303507999
2017-06-27,-0.0011648444410785998
2017-06-28,0.00752078163941692
2017-06-29,-0.0032160363086940797
2017-06-30,0.00060388350914988
2017-07-03,-0.00016047608434931995
2017-07-05,-0.00022104012744692013
2017-07-06,-0.00308017665878806
2017-07-07,0.0033736040627458793
2017-07-10,0.0005564016464313
2017-07-11,0.0007218080849179999
2017-07-12,0.00370196767414946
2017-07-13,0.00021123735973419997
2017-07-14,0.00514465917455204
2017-07-17,0.0005964999948942628
2017-07-18,0.00410728062149786
2017-07-19,0.0011366755463096596
2017-07-20,0.003916154701361501
2017-07-21,0.0005005858784773001
2017-07-24,-0.00108495922266964
2017-07-25,0.00223207956321872
2017-07-26,-0.00065493213945042
2017-07-27,0.00024060011220308005
2017-07-28,0.00254376367395744
2017-07-31,0.00200572102490754
2017-08-01,0.0005533745509271798
2017-08-02,0.00239189352270774
2017-08-03,-0.0006713444599484801
2017-08-04,-0.0031327297037884003
2017-08-07,0.002142929642026
2017-08-08,-0.00362803046500726
2017-08-09,0.0005997676427331601
2017-08-10,-0.00864598468496406
2017-08-11,0.0028020107747768
2017-08-14,0.005148620476660121
2017-08-15,-0.0019999023916283803
2017-08-16,-0.00027487130813624004
2017-08-17,-0.008208053129985361
2017-08-18,-0.0006934528657244201
2017-08-21,0.0029380707720468406
2017-08-22,0.0041705345829361395
2017-08-23,-0.0007177442412191197
2017-08-24,-0.001279847247982422
2017-08-25,0.0034696086841934206
2017-08-28,0.00361337802761018
2017-08-29,0.00223894618684146
2017-08-30,-0.0005105217670453204
2017-08-31,0.0023145827900653195
2017-09-01,0.0006498626130649601
2017-09-05,-0.0034379298189686396
2017-09-06,0.00294751574429804
2017-09-07,0.0027296874857968
2017-09-08,-0.00046184453990359995
2017-09-11,0.0039024016935530195
2017-09-12,0.00214872434125808
2017-09-13,-0.0018923732751718
2017-09-14,-0.0010644270700067198
2017-09-15,0.00355647780600574
2017-09-18,0.00016986709279476003
2017-09-19,0.00207060040322816
2017-09-20,0.00098101759955308
2017-09-21,-0.0035677553043899
2017-09-22,0.00115797268643538
2017-09-25,-0.0052640371949206006
2017-09-26,-0.0026658635029150842
2017-09-27,0.0015957286011735196
2017-09-28,0.00170859897780624
2017-09-29,0.0034737694560497204
2017-10-02,1.0708337587039818e-05
2017-10-03,0.00177043070994066
2017-10-04,0.0007816020514319259
2017-10-05,0.0015375593977877593
2017-10-06,0.00024291908365478012
2017-10-10,0.00275555950025138
2017-10-11,0.00253559233825814
2017-10-12,-0.0012493090933028798
2017-10-13,0.00042527129010136
2017-10-16,0.00013610485509337974
2017-10-17,-0.00149784744779556
2017-10-18,0.00115927128721172
2017-10-19,0.0024663035701165603
2017-10-20,0.0006228645466813398
2017-10-23,-0.00266021181401716
2017-10-24,0.00110599148600054
2017-10-25,-0.0015823809897923201
2017-10-26,-0.0027099832112304
2017-10-27,0.0007005793487450595
2017-10-30,-0.00033274990061903987
2017-10-31,0.00132263257605738
2017-11-01,-7.706500162728009e-05
2017-11-02,0.00196884759781102
2017-11-03,-6.836532510995992e-05
2017-11-06,0.00021096985641885996
2017-11-07,-0.00090736549515574
2017-11-08,0.0013489960550652602
2017-11-09,-0.0002992204905766802
2017-11-13,0.0003257001393574259
2017-11-14,0.0023018055199282798
2017-11-15,-0.0023058366421423596
2017-11-16,0.0041508051306303
2017-11-17,-0.0006613171369386201
2017-11-20,-0.0012061473725982802
2017-11-21,0.0039118716033834594
2017-11-22,0.0011816245569925199
2017-11-24,0.00618928668870278
2017-11-27,-0.00106927917021442
2017-11-28,0.00477041505539458
2017-11-29,-0.0008956647500667001
2017-11-30,0.006241579303688001
2017-12-01,-0.0008126995632517798
2017-12-04,-0.0027193422234557
2017-12-05,-0.00319428922802294
2017-12-06,-0.0011528350025106
2017-12-07,0.00182470897663772
2017-12-08,0.0023096201051546797
2017-12-11,0.0033101217822293196
2017-12-12,-0.0016896698836971601
2017-12-13,0.0009764334890455602
2017-12-14,-0.0019037254498713598
2017-12-15,0.00536057711694978
2017-12-18,0.00409114891232008
2017-12-19,-0.0013318137445622199
2017-12-20,0.0014943650300393
2017-12-21,0.00088707730886018
2017-12-22,-0.00138837535530672
2017-12-26,0.0003095431338790202
2017-12-27,0.0016523565916253
2017-12-28,0.00277627895845512
2017-12-29,-0.0007821242713974201
2018-01-02,0.0058920001249976196
2018-01-03,0.0031626080492479797
2018-01-04,0.0035412533339819197
2018-01-05,0.0033757342170646996
2018-01-08,-0.0012023406570890003
2018-01-09,-0.0009262397129712001
2018-01-10,0.0005383363603181802
2018-01-11,0.00677282280477358
2018-01-12,0.00718123133377076
2018-01-16,0.0016233060742055997
2018-01-17,0.00513223794594096
2018-01-18,-0.0006763383032252399
2018-01-19,0.00262538464969476
2018-01-22,0.004559069122481739
2018-01-23,0.0028374789414519997
2018-01-24,0.00332872842329492
2018-01-25,0.0035128669279270203
2018-01-26,0.004943322758588858
2018-01-29,-0.00631326379827352
2018-01-30,-0.00534648404759098
2018-01-31,0.00151821088915648
2018-02-01,0.0013452835838101403
2018-02-02,-0.01401731515272
2018-02-05,-0.026006438028839257
2018-02-06,0.00918075725045974
2018-02-07,-0.0062523619081235205
2018-02-08,-0.0243584460474657
2018-02-09,0.00850296256225442
2018-02-12,0.009630369968478299
2018-02-13,0.00468389077988026
2018-02-14,0.00905435629846682
2018-02-15,0.00996360837245822
2018-02-16,-0.0010598686707555603
2018-02-20,-0.00654861463605826
2018-02-21,-0.00440992594575934
2018-02-22,0.00097348293216584
2018-02-23,0.0086310656118415
2018-02-26,0.0069479962383409595
2018-02-27,-0.00953154492476518
2018-02-28,-0.0076108503371883
2018-03-01,-0.00788459150821902
2018-03-02,0.006231357214302301
2018-03-05,0.007102379761836539
2018-03-06,0.00432923177887942
2018-03-07,-0.00087074450788494
2018-03-08,-1.516645962940013e-05
2018-03-09,0.010727317328315
2018-03-12,-0.00102456600464624
2018-03-13,-0.0012409299451472998
2018-03-14,-0.00460773213668978
2018-03-15,-0.00179821420146756
2018-03-16,-0.0003120666681805399
2018-03-19,-0.00699068965029978
2018-03-20,-0.0009977614985523001
2018-03-21,-0.00120521658784294
2018-03-22,-0.013923856431941578
2018-03-23,-0.01109249521577946
2018-03-26,0.01865766978017466
2018-03-27,-0.011422182517769199
2018-03-28,-0.00365875153129416
2018-03-29,0.006452759365331138
2018-04-02,-0.01384721706228358
2018-04-03,0.006641687500105619
2018-04-04,0.0079101239024586
2018-04-05,0.002080941916373
2018-04-06,-0.011861911974086741
2018-04-09,0.00349491206703798
2018-04-10,0.010537101825898218
2018-04-11,-0.0018358172693726002
2018-04-12,0.002857584615544579
2018-04-13,-0.0016695633298992399
2018-04-16,0.00649795207304854
2018-04-17,0.00545686390248442
2018-04-18,0.00163107000847202
2018-04-19,-0.004869726938975201
2018-04-20,-0.00689872464813396
2018-04-23,-0.0021215780452581625
2018-04-24,-0.0077552318949262195
2018-04-25,-0.00047225448445980026
2018-04-26,0.00408736183433408
2018-04-27,0.0005026637818668399
2018-04-30,-0.0060575506583817
2018-05-01,-0.0009316109037473799
2018-05-02,-0.0054072333229053405
2018-05-03,-0.0012869045445301997
2018-05-04,0.00683508905639074
2018-05-07,0.0014344943563644398
2018-05-08,-0.0023115846988581803
2018-05-09,0.0054102893426313204
2018-05-10,0.00707843236631638
2018-05-11,0.0028688041598616
2018-05-14,0.00136575510912224
2018-05-15,-0.0078778248884678
2018-05-16,-0.0001392142714962603
2018-05-17,-0.00017454175098491998
2018-05-18,-0.00236197279374782
2018-05-21,0.0041778914642025995
2018-05-22,-0.0013748655349426998
2018-05-23,-0.0011211113839287206
2018-05-24,1.4462804618500108e-05
2018-05-25,-0.00357032859265984
2018-05-29,-0.01094159625351938
2018-05-30,0.0114636118055632
2018-05-31,-0.003936293714007499
2018-06-01,0.00678282284457058
2018-06-04,0.0032635753380746797
2018-06-05,-0.00040021401377388
2018-06-06,0.008734759226157119
2018-06-07,0.0008259400282703401
2018-06-08,0.00044818178243607966
2018-06-11,0.00162498234500452
2018-06-12,0.0007060300669422201
2018-06-13,-0.0026919688823385203
2018-06-14,-0.0036432563814862004
2018-06-15,-0.0012299102860307
2018-06-18,-0.0016215546056615197
2018-06-19,-0.00341966367750914
2018-06-20,0.00154435191970324
2018-06-21,-0.0035434673778003394
2018-06-22,0.00214929697414064
2018-06-25,-0.00609670510992556
2018-06-26,0.0006708580089782
2018-06-27,-0.00817680229122366
2018-06-28,0.00348860458212996
2018-06-29,0.0037224271254684203
2018-07-02,-0.00067050057198476
2018-07-03,-0.00129026315236138
2018-07-05,0.0066577804474279596
2018-07-06,0.00646693663785154
2018-07-09,0.00547501806357106
2018-07-10,0.0015349831886603198
2018-07-11,-0.004476368008407479
2018-07-12,0.00420156247482216
2018-07-13,-0.00020901221522776005
2018-07-16,0.0008543619412110401
2018-07-17,0.0008050685844768401
2018-07-18,0.00064278592935028
2018-07-19,-0.0037872838787078797
2018-07-20,0.00299964354600758
2018-07-23,0.0008967977254982399
2018-07-24,0.0022459747955307797
2018-07-25,0.00519651008315806
2018-07-26,-0.00261076539694888
2018-07-27,-0.0037444428470880197
2018-07-30,-0.0014777038655412397
2018-07-31,0.0025138788149613595
2018-08-01,-0.0019937114431181602
2018-08-02,0.00109280600882044
2018-08-03,0.00226299151756324
2018-08-06,0.00097938284767968
2018-08-07,0.0028319586689694197
2018-08-08,-0.00012295844141409494
2018-08-09,-0.00197081937215386
2018-08-10,-0.010101228127927561
2018-08-13,-0.00251368810841858
2018-08-14,0.0022387233830231195
2018-08-15,-0.005248863871487619
2018-08-16,0.0067048010344763
2018-08-17,0.0027625739024083797
2018-08-20,0.0024354026647656598
2018-08-21,0.0045830782935116195
2018-08-22,0.00187094905469914
2018-08-23,-0.0019826996780098003
2018-08-24,0.005708525748816621
2018-08-27,0.0063356752448138
2018-08-28,0.0016660716422032802
2018-08-29,0.0026937750494355596
2018-08-30,-0.00448030880768538
2018-08-31,-0.00164037213690244
2018-09-04,-0.0020295856515633
2018-09-05,0.00017893264156996027
2018-09-06,-0.00205771457922242
2018-09-07,-0.00312286993642964
2018-09-10,0.00224221874254214
2018-09-11,0.00179134475280738
2018-09-12,0.00141997266632898
2018-09-13,0.00474054596934054
2018-09-14,-0.00038344067951422004
2018-09-17,-0.00228877114724168
2018-09-18,0.0034180934401232405
2018-09-19,0.00047775333256556
2018-09-20,0.00670059998898076
2018-09-21,-0.00039148055241828
2018-09-24,-0.00095631259345342
2018-09-25,-0.00088549819874782
2018-09-26,-0.00238482621842844
2018-09-27,-0.0013492857845024602
2018-09-28,-0.00165275512314164
2018-10-01,0.00028321841652455965
2018-10-02,-0.00048017051244072
2018-10-03,-0.0007861657353991
2018-10-04,-0.00551229873999742
2018-10-05,-0.0035345857110317598
2018-10-09,-0.0017846034382884
2018-10-10,-0.01799967211630802
2018-10-11,-0.01164163518009094
2018-10-12,0.00825621587729962
2018-10-15,-0.0023441758627969797
2018-10-16,0.012726219931479349
2018-10-17,-0.00198450753980016
2018-10-18,-0.010295549434748679
2018-10-19,0.00044392755892966014
2018-10-22,-0.0041866410474177
2018-10-23,-0.0028630400604267798
2018-10-24,-0.02199386464395394
2018-10-25,0.01054506632455678
2018-10-26,-0.00999540621068288
2018-10-29,-0.0038784949829441195
2018-10-30,0.00841309460655358
2018-10-31,0.005347750393730899
2018-11-01,0.00855420536929956
2018-11-02,-0.00443432000894668
2018-11-05,0.00391291018211626
2018-11-06,0.00437530903486958
2018-11-07,0.01423626504669618
2018-11-08,-0.0030111079066862598
2018-11-09,-0.00874622047798744
2018-11-13,-0.01413766743789728
2018-11-14,-0.0037081878677442596
2018-11-15,0.006746950965386999
2018-11-16,0.00407825205296892
2018-11-19,-0.00845938264555212
2018-11-20,-0.01298736622713496
2018-11-21,0.00189341738714798
2018-11-23,-0.0060933005585965
2018-11-26,0.00938897798811252
2018-11-27,8.394030597760112e-06
2018-11-28,0.01380565473299652
2018-11-29,0.0020679911408412405
2018-11-30,0.0028124806005414404
2018-12-03,0.0076932322072257395
2018-12-04,-0.02012777327697462
2018-12-06,0.00010716340017338029
2018-12-07,-0.013595538513340439
2018-12-10,0.00028303173451467976
2018-12-11,-0.00211845668536534
2018-12-12,0.00493633668696376
2018-12-13,-0.00026080863051731996
2018-12-14,-0.013610553545214921
2018-12-17,-0.0112172142480779
2018-12-18,0.0009327862157546212
2018-12-19,-0.0072729443676339605
2018-12-20,-0.00918862788790012
2018-12-21,-0.01353298519936026
2018-12-26,0.01276043786804116
2018-12-27,0.005255934546726599
2018-12-28,0.0004096168665179
2018-12-31,0.005458212512176259
2019-01-02,-0.0027110943156333804
2019-01-03,-0.0135644304200682
2019-01-04,0.0206414396389744
2019-01-07,0.0062197391593304605
2019-01-08,0.004951169964216259
2019-01-09,0.005240288196269521
2019-01-10,0.00246191556534226
2019-01-11,-0.0014097824466471802
2019-01-15,0.0001927558432970396
2019-01-16,0.00189310474458128
2019-01-17,0.0037655364553349597
2019-01-18,0.007014117030640119
2019-01-22,-0.008660701772346359
2019-01-23,0.0024104412839076397
2019-01-24,-0.0015703775140557
2019-01-25,0.0080635227340147
2019-01-28,-0.0036411080937241193
2019-01-29,-0.0013642585571452598
2019-01-30,0.00904761578548318
2019-01-31,0.00639556111660372
2019-02-01,0.00123677600786516
2019-02-04,0.0027950250865920604
2019-02-05,0.00169781366415496
2019-02-06,-0.00224902534153078
2019-02-07,-0.00644995706795578
2019-02-08,-0.0006877101552304002
2019-02-11,-0.0013090114716320402
2019-02-12,0.00906568689836948
2019-02-13,0.0008206727461474799
2019-02-14,-0.0017348559415232999
2019-02-15,0.0059244001704342394
2019-02-19,0.00302286657327962
2019-02-21,-0.0007013024319562401
2019-02-22,0.00397546813879424
2019-02-25,0.0008444102898289201
2019-02-26,0.0005467544804428401
2019-02-27,-0.00046721070253922
2019-02-28,-0.00138123019024298
2019-03-01,0.004017533062621859
2019-03-04,-0.00402422400836812
2019-03-05,-0.00166919499494442
2019-03-06,-0.00321995577280198
2019-03-07,-0.0086585723627984
2019-03-08,-0.00024732232544643967
2019-03-11,0.00813044726555106
2019-03-12,0.0035470084573939998
2019-03-13,0.00535963567869364
2019-03-14,-0.00073331000068308
2019-03-15,0.0037612405481162203
2019-03-18,0.00260776447476148
2019-03-19,0.00023904940979460002
2019-03-20,-0.0015577270337505
2019-03-21,0.00679342886834448
2019-03-22,-0.014285273449024942
2019-03-25,0.0009826776718844803
2019-03-26,0.0027370146450387996
2019-03-27,-0.00385836631300254
2019-03-28,0.0016517826162696998
2019-03-29,0.00374213151446822
2019-04-01,0.00625954033380462
2019-04-02,-0.0008468331589645411
2019-04-03,0.00328516907247262
2019-04-04,0.00032330742325208
2019-04-05,0.002811071963446353
2019-04-08,0.0022296378456543196
2019-04-09,-0.0030836922146373997
2019-04-10,0.0016572666237126199
2019-04-11,-0.00011919436723294132
2019-04-12,0.0054415467920817
2019-04-15,-0.00037777461728747997
2019-04-16,-8.389122184557999e-05
2019-04-17,-0.001224162696933
2019-04-18,-0.0010410661632333802
2019-04-22,0.00121138701076634
2019-04-23,0.00367935161589844
2019-04-24,-0.00206634798899444
2019-04-25,-0.00208421017054682
2019-04-26,0.00330699547883192
2019-04-29,0.00107264678127164
2019-04-30,0.0018224141363233802
2019-05-01,-0.0029144676535378996
2019-05-02,-0.0034870845654644197
2019-05-03,0.00582682674806562
2019-05-06,-0.0022954682485277797
2019-05-07,-0.01066903877811238
2019-05-08,3.6712522143820094e-05
2019-05-09,-0.00103108561061394
2019-05-10,0.00269091064588204
2019-05-13,-0.01497631130234834
2019-05-14,0.0038991304391673793
2019-05-15,0.0035288765984120836
2019-05-16,0.004241452514347419
2019-05-17,-0.00394229977561186
2019-05-20,-0.00392007803487298
2019-05-21,0.0046459893650652
2019-05-22,-0.00176872088263928
2019-05-23,-0.00661813783873476
2019-05-24,0.0017056666251083
2019-05-28,-0.0057616505106257996
2019-05-29,-0.0056315700350484795
2019-05-30,0.00140139706770998
2019-05-31,-0.00764688349935354
2019-06-03,0.00037839759995325975
2019-06-04,0.01379296543286946
2019-06-05,0.00509080323553928
2019-06-06,0.0055160244018242
2019-06-07,0.007326869534343481
2019-06-10,0.0023300889772076795
2019-06-11,-3.3182886846859955e-05
2019-06-12,-0.0014359644238403399
2019-06-13,0.0012136850070302199
2019-06-14,-0.00303066559225246
2019-06-17,0.00120016981149736
2019-06-18,0.0044113439405725
2019-06-19,0.00243100850394668
2019-06-20,0.00814568725193738
2019-06-21,0.0008006818165565001
2019-06-24,0.0012485769921714801
2019-06-25,-0.00597086186417338
2019-06-26,-0.00060034876920742
2019-06-27,0.0016569200662553598
2019-06-28,0.00351488912482968
2019-07-01,0.00222257897274814
2019-07-02,0.0015420079783159402
2019-07-03,0.0036645128806070196
2019-07-05,-0.00318311123588454
2019-07-08,-0.00319372009903692
2019-07-09,0.00081286080800098
2019-07-10,0.00448044511138086
2019-07-11,0.0014051254308894536
2019-07-12,0.00251697603266456
2019-07-15,0.00031870708631924
2019-07-16,-0.0037545445793042
2019-07-17,-0.00321869017872762
2019-07-18,0.00200284588574278
2019-07-19,-0.0040026371746871
2019-07-22,0.00148087581895984
2019-07-23,0.00202028764654124
2019-07-24,0.0022681091213108797
2019-07-25,-0.002627561566187
2019-07-26,0.0031593817843837994
2019-07-29,-0.0002158105332026399
2019-07-30,-0.0013338402214249402
2019-07-31,-0.00721349192446522
2019-08-01,-0.007875093522069661
2019-08-02,-0.0025817136608504198
2019-08-05,-0.015089985319745081
2019-08-06,0.00772408277052513
2019-08-07,0.0018864925657376401
2019-08-08,0.0102263866050302
2019-08-09,-0.00355515775815248
2019-08-12,-0.007574391670701879
2019-08-13,0.0077207619800580595
2019-08-14,-0.01919986053463434
2019-08-15,0.00011044860637863954
2019-08-16,0.0080532559999036
2019-08-19,0.0074001969371670995
2019-08-20,-0.0049119733522891
2019-08-21,0.00514411743977078
2019-08-22,-0.00062824015073798
2019-08-23,-0.01365076787539086
2019-08-26,0.005260113037305699
2019-08-27,-0.00257347265601086
2019-08-28,0.00355376685915656
2019-08-29,0.006661240900241039
2019-08-30,-0.00215434895868302
2019-09-03,-0.00491894972257398
2019-09-04,0.00854362484496946
2019-09-05,0.00822693121028776
2019-09-06,0.00069104988878258
2019-09-09,0.00045043036059324866
2019-09-10,-0.00031347394771962005
2019-09-11,0.00283419298865488
2019-09-12,0.00437051872829228
2019-09-13,-0.00043477106619714
2019-09-16,-0.00434809726886294
2019-09-17,0.0036133085188493
2019-09-18,0.0001332544678986
2019-09-19,-0.0005308415556549936
2019-09-20,-0.00446837674284762
2019-09-23,-0.0005309913282862686
2019-09-24,-0.004780165858516379
2019-09-25,0.00186131466654554
2019-09-26,-0.0018611878498061602
2019-09-27,-0.00305205276028722
2019-09-30,0.0016660776156077802
2019-10-01,-0.006411330770742519
2019-10-02,-0.010144661542043921
2019-10-03,0.0062226212592961
2019-10-04,0.00785087802154558
2019-10-07,-0.00232868542299902
2019-10-08,-0.0106865161377233
2019-10-09,0.00649606702587408
2019-10-10,0.0052919368767614
2019-10-11,0.007289383122162759
2019-10-15,0.00500231558643142
2019-10-16,0.0002101351661191002
2019-10-17,0.00360101041904104
2019-10-18,-0.0014228218301450802
2019-10-21,0.00375012008005966
2019-10-22,-0.0023963461137084
2019-10-23,0.0009869486969062199
2019-10-24,0.0004309570590542999
2019-10-25,0.0018254630196123198
2019-10-28,0.0038085137363304596
2019-10-29,0.0003287732745333601
2019-10-30,0.00216465591419542
2019-10-31,-0.0006673543984409397
2019-11-01,0.0062712893739390605
2019-11-04,0.0013219876491584598
2019-11-05,-0.00337685659162802
2019-11-06,0.0006381109461647001
2019-11-07,0.0005147367794733199
2019-11-08,0.0005917008912935999
2019-11-12,-0.00031319362751658
2019-11-13,-4.5498095233399987e-05
2019-11-14,0.00093801319546748
2019-11-15,0.00568744609261684
2019-11-18,0.00149502387623888
2019-11-19,-0.00050008672712372
2019-11-20,-0.00269160300930288
2019-11-21,-0.00080581865153124
2019-11-22,-7.227160164060024e-05
2019-11-25,0.0037615603417872597
2019-11-26,0.0014248607642004
2019-11-27,0.0021360622715459795
2019-11-29,-0.0017939978818583197
2019-12-02,-0.003173412357498059
2019-12-03,-0.0034907790870723596
2019-12-04,0.0033129749465629797
2019-12-05,0.0019094105775154598
2019-12-06,0.00357895254290954
2019-12-09,-0.0013581894111421
2019-12-10,0.00017190471567482004
2019-12-11,0.0018145191960087
2019-12-12,0.005951732964964001
2019-12-13,0.0005111140712276127
2019-12-16,0.00466863868750692
2019-12-17,0.0005241870692459
2019-12-18,-0.00151721848257712
2019-12-19,0.00320912932680284
2019-12-20,0.0010860451504520596
2019-12-23,0.00106079927973892
2019-12-24,-0.00036979339952818
2019-12-26,0.0037180900161379597
2019-12-27,0.0026061220980199014
2019-12-30,-0.00194222785609422
2019-12-31,0.0021214589469187
2020-01-02,0.00282706683742638
2020-01-03,-0.0040002630760374
2020-01-06,0.0026171943348305
2020-01-07,-0.00344016884466046
2020-01-08,0.00217937564884256
2020-01-09,0.0035839602497204394
2020-01-10,-0.0012476428223489999
2020-01-13,0.0048541671339354196
2020-01-14,-0.0011968199910729
2020-01-15,0.00219776184029058
2020-01-16,0.0039582656024903
2020-01-17,0.0009449315288064795
2020-01-21,-0.00148512445988236
2020-01-22,-0.00022330834188514004
2020-01-23,-0.0009067019762225003
2020-01-24,-0.005993759789765201
2020-01-27,-0.00976746093577088
2020-01-28,0.0056025004856926994
2020-01-29,-0.00066570922609288
2020-01-30,0.0028941912892623397
2020-01-31,-0.008909873853923339
2020-02-03,0.0036145299686776602
2020-02-04,0.00823393172784272
2020-02-05,0.00537022795878948
2020-02-06,0.00100958868380856
2020-02-07,-0.0043072427047577
2020-02-10,0.0031358499308554795
2020-02-11,0.0010488867242069064
2020-02-12,0.0029847900531173996
2020-02-13,-0.00263492402608638
2020-02-14,0.00077311069452888
2020-02-18,-0.00264122351842206
2020-02-19,0.0020394191452362
2020-02-20,-0.0021825468592775402
2020-02-21,-0.004201294787635439
2020-02-24,-0.0203791357045288
2020-02-25,-0.018043691787105076
2020-02-26,-0.0015727150704619999
2020-02-27,-0.02380780133793712
2020-02-28,-0.00408986872771776
2020-03-02,0.03288977427037748
2020-03-03,-0.016712388226920498
2020-03-04,0.0231878204795134
2020-03-05,-0.018127167974743022
2020-03-06,-0.006164443127715081
2020-03-09,-0.043852847077927595
2020-03-10,0.02618762646706904
2020-03-11,-0.03225427551121582
2020-03-12,-0.06708663755389412
2020-03-13,0.052743179673139795
2020-03-16,-0.07396123693903008
2020-03-17,0.028856957603365537
2020-03-18,-0.036996760481624064
2020-03-19,-0.0021605929563317406
2020-03-20,-0.02723265974145146
2020-03-23,-0.01492870562793206
2020-03-24,0.05507184195405483
2020-03-25,0.00839788352143592
2020-03-26,0.043279811788835575
2020-03-27,-0.019329022909452282
2020-03-30,0.01829425891579398
2020-03-31,-0.009758044233505838
2020-04-01,-0.03007642161770976
2020-04-02,0.010900921078112219
2020-04-03,-0.011552572878232201
2020-04-06,0.04118825149776928
2020-04-07,0.0019137847438728203
2020-04-08,0.01928441146854678
2020-04-09,0.01108935061707898
2020-04-13,-0.0070094726275409195
2020-04-14,0.0204456304628674
2020-04-15,-0.01563296689530098
2020-04-16,0.0009418591538146192
2020-04-17,0.017448134528480957
2020-04-20,-0.011156604455952499
2020-04-21,-0.01942947790088356
2020-04-22,0.012680398639272419
2020-04-23,-0.0008412030051042
2020-04-24,0.00766401583346112
2020-04-27,0.009910838454728219
2020-04-28,-0.00289520224542936
2020-04-29,0.016369044020761243
2020-04-30,-0.0025788055115874803
2020-05-01,-0.01474163736697108
2020-05-04,-0.0006323060363082797
2020-05-05,0.0029361620991058
2020-05-06,-0.00560648252497822
2020-05-07,0.0071963787916913
2020-05-08,0.011478301332006662
2020-05-11,-0.00122242241540164
2020-05-12,-0.010757411856189879
2020-05-13,-0.0115655198266567
2020-05-14,0.005507322358169199
2020-05-15,0.0029433694208348595
2020-05-18,0.021850402921463404
2020-05-19,-0.005115117668112579
2020-05-20,0.01147792054203526
2020-05-21,-0.0056671791794839005
2020-05-22,-0.0007499056399002399
2020-05-26,0.0101093953133125
2020-05-27,0.008794630826601252
2020-05-28,0.0023640155040893403
2020-05-29,0.00425131342788114
2020-06-01,0.00282234384017388
2020-06-02,0.0064497313325246
2020-06-03,0.01098961847814556
2020-06-04,0.0006694605367559003
2020-06-05,0.01464022661306114
2020-06-08,0.00704014534021204
2020-06-09,-0.00275447232089016
2020-06-10,-0.00294968258157576
2020-06-11,-0.03564225921084216
2020-06-12,0.0033670172969016395
2020-06-15,0.00557053816758814
2020-06-16,0.01088032309932714
2020-06-17,-0.0035876934360683996
2020-06-18,0.00024943152478673993
2020-06-19,-0.00436336030723882
2020-06-22,0.00641462136864746
2020-06-23,0.00477535986335714
2020-06-24,-0.01748755164688828
2020-06-25,0.0047260093385855986
2020-06-26,-0.014929072285300679
2020-06-29,0.009531239304879278
2020-06-30,0.00917540018260884
2020-07-01,0.0037880868178897
2020-07-02,0.0019362395415007195
2020-07-06,0.01193820511043294
2020-07-07,-0.006809615980591879
2020-07-08,0.00573884935447198
2020-07-09,-0.00449181166608522
2020-07-10,0.00695455172749656
2020-07-13,-0.00402154009124628
2020-07-14,0.00946599861062986
2020-07-15,0.0054246269308705205
2020-07-16,-0.0011013998577027997
2020-07-17,0.00188164791521188
2020-07-20,0.00516291864356386
2020-07-21,0.0028551297708186204
2020-07-22,0.00662703249368682
2020-07-23,-0.006196961713686659
2020-07-24,-0.0033130172095094
2020-07-27,0.00835492924040518
2020-07-28,-0.004475809066284219
2020-07-29,0.00867048460923164
2020-07-30,-0.0015413435034694997
2020-07-31,0.0056349843584794805
2020-08-03,0.0018496348055395194
2020-08-04,0.00270758194764912
2020-08-05,0.008308015441260561
2020-08-06,0.0024297947946608596
2020-08-07,-0.0023285260556604403
2020-08-10,0.0009631642681457397
2020-08-11,-0.004528519071901721
2020-08-12,0.0094262616013
2020-08-13,-0.00048421332544505995
2020-08-14,0.00040421022319674007
2020-08-17,0.00283881387793304
2020-08-18,0.00336388468897094
2020-08-19,-0.00365578966205696
2020-08-20,0.0006800863524970596
2020-08-21,-0.0008834121620395203
2020-08-24,0.00694618719073942
2020-08-25,0.00266194714265702
2020-08-26,0.00591715541094452
2020-08-27,0.0013752735385349599
2020-08-28,0.006622434844889641
2020-08-31,0.00032510579211310017
2020-09-01,0.0044646513067792895
2020-09-02,0.0054838133802385
2020-09-03,-0.02172491355273236
2020-09-04,-0.005305636810338139
2020-09-08,-0.017939767585619562
2020-09-09,0.01267877387991494
2020-09-10,-0.00828087043226106
2020-09-11,-0.0013334906373299001
2020-09-14,0.0090479610574966
2020-09-15,0.0021791359014202197
2020-09-16,-0.00314940097377766
2020-09-17,-0.0054745556272663394
2020-09-18,-0.00559868968983816
2020-09-21,-0.01105202056992468
2020-09-22,0.0051173978131782
2020-09-23,-0.015294026136275559
2020-09-24,0.00141278590356166
2020-09-25,0.007861083378663558
2020-09-28,0.01103271506520442
2020-09-29,-0.0009439077648165197
2020-09-30,0.005136678432437419
2020-10-01,0.00415564698566758
2020-10-02,-0.00733944448692812
2020-10-05,0.0133459904972266
2020-10-06,-0.00865578521328954
2020-10-07,0.009945881160481798
2020-10-08,0.0043429534688476795
2020-10-09,0.00749131523736372
2020-10-13,0.003190237453886079
2020-10-14,-0.0033741267434061195
2020-10-15,-0.0027591321859911
2020-10-16,0.0006275395013607
2020-10-19,-0.007462259863407639
2020-10-20,0.00404940282453758
2020-10-21,0.00023427954746078005
2020-10-22,0.0015700865655033998
2020-10-23,0.00273993830807734
2020-10-26,-0.01220544322583466
2020-10-27,-0.0012092366720819598
2020-10-28,-0.02437070309668464
2020-10-29,0.0039476193749049
2020-10-30,-0.007699802829178539
2020-11-02,0.00689904888413358
2020-11-03,0.013668127436485681
2020-11-04,0.01328916587729674
2020-11-05,0.014248873583512501
2020-11-06,0.00242706145091128
2020-11-09,0.00444720030427904
2020-11-10,-0.0008743382585233451
2020-11-12,-0.0013080951389004198
2020-11-13,0.008449584152145839
2020-11-16,0.007624457563393419
2020-11-17,-0.0022746444095861594
2020-11-18,-0.0067427498246274194
2020-11-19,0.0014859990195190999
2020-11-20,-0.0036168554871316393
2020-11-23,0.0023248915261166
2020-11-24,0.011239759914309621
2020-11-25,0.0001923197060411802
2020-11-30,1.4168385006120034e-05
2020-12-01,0.00975986482122102
2020-12-02,0.0028638862610154197
2020-12-03,0.0015721921389118799
2020-12-04,0.00494915499315702
2020-12-07,-0.0012942784250565
2020-12-08,0.0007791976039483402
2020-12-09,-0.0058137653493194
2020-12-10,0.0004847376832577201
2020-12-11,-0.0009575580101117201
2020-12-14,-0.0015329314346987203
2020-12-15,0.00813099932482602
2020-12-16,0.0016216789250074399
2020-12-17,0.00616232260653316
2020-12-18,-0.0028289106129670205
2020-12-21,-0.0025445492580172596
2020-12-22,-0.0031466481562282002
2020-12-23,0.00116963814463534
2020-12-28,0.00795179112510926
2020-12-29,-6.26156173760199e-05
2020-12-30,0.0017174823648595
2020-12-31,0.0022189289793090794
2021-01-04,-0.00813464503227106
2021-01-05,0.005570650248310441
2021-01-06,0.00325349568364564
2021-01-07,0.008028434360008118
2021-01-08,0.00286192382569392
2021-01-11,-0.00666480610334486
2021-01-12,0.0002165756711110762
2021-01-13,0.00106784328457854
2021-01-14,-0.0023550046785259
2021-01-15,-0.00620962250203882
2021-01-19,0.0057537296989852394
2021-01-21,0.009054015565182
2021-01-22,-0.00062496236364028
2021-01-25,0.0008167173376048597
2021-01-26,-0.0005974881218969799
2021-01-27,-0.01712562669611644
2021-01-28,0.006521556841830761
2021-01-29,-0.01127150132048812
2021-02-01,0.007406239856781219
2021-02-02,0.006621082778438078
2021-02-03,0.0007713325495021999
2021-02-04,0.00477682446589704
2021-02-05,0.00436651368408206
2021-02-08,0.0047554890106514605
2021-02-09,0.0013521537720096
2021-02-10,0.0006510252164094001
2021-02-11,0.00083175759823374
2021-02-12,0.0027869670793692677
2021-02-16,-0.00096890617556214
2021-02-17,-0.00234557399655616
2021-02-18,-0.0014613213843949198
2021-02-19,0.0008022805149792802
2021-02-22,-0.00403199544677782
2021-02-23,0.00032526322759634
2021-02-24,0.006805571312045088
2021-02-25,-0.01204713762011802
2021-02-26,-0.00733025319248108
2021-03-01,0.012815190952283739
2021-03-02,-0.00403946176261618
2021-03-03,-0.00809013218834858
2021-03-04,-0.0090335900894156
2021-03-05,0.00721083554521472
2021-03-08,-0.0054124917670818
2021-03-09,0.00964671484218972
2021-03-10,0.00411182389599852
2021-03-11,0.00881838442088238
2021-03-12,-0.0002602721706262001
2021-03-15,0.0027095154417971197
2021-03-16,-0.0016816764719873802
2021-03-17,0.0020612576565485
2021-03-18,-0.008217348056250821
2021-03-19,-0.0009323419299037401
2021-03-22,0.00497211567704976
2021-03-23,-0.006612532576960539
2021-03-24,-0.00467317485229384
2021-03-25,0.0013060391247103
2021-03-26,0.01060926778440076
2021-03-29,-0.00116573740018926
2021-03-30,-0.0037697966183294204
2021-03-31,0.002817313993316
2021-04-01,0.00804006933744606
2021-04-05,0.00989014301551762
2021-04-06,0.0008355925341700401
2021-04-07,0.0021649183665619397
2021-04-08,0.0029977617797024396
2021-04-09,0.0043789055849946
2021-04-12,0.00021835669585574006
2021-04-13,0.0030470557863724198
2021-04-14,-0.00128679590185456
2021-04-15,0.00628569811550906
2021-04-16,0.0026959327637645202
2021-04-19,-0.0015928803845338198
2021-04-20,-0.0035304135022040804
2021-04-21,0.005159111037144499
2021-04-22,-0.0062507012480524995
2021-04-23,0.0084152669227959
2021-04-26,0.00153211249829132
2021-04-27,-0.0002614047564314
2021-04-28,0.00012116384893426
2021-04-29,0.00444058267833622
2021-04-30,-0.006983597262286759
2021-05-03,0.00260965507217166
2021-05-04,-0.00551589572163752
2021-05-05,5.55677202195599e-05
2021-05-06,0.00640936062871982
2021-05-07,0.0082403006604256
2021-05-10,-0.00612992733383574
2021-05-11,-0.005259908073838612
2021-05-12,-0.0161446026637821
2021-05-13,0.0071272544094026806
2021-05-14,0.01123070088083556
2021-05-17,-0.0010589652191421
2021-05-18,-0.0035557830040566798
2021-05-19,-0.0013427674504106
2021-05-20,0.00659425329900818
2021-05-21,-0.00201127227065916
2021-05-24,0.00696720384592544
2021-05-25,-0.00052376639650938
2021-05-26,0.00017560374356452005
2021-05-27,0.0003709361581029799
2021-05-28,0.00046115464632389997
2021-06-01,0.00124328029811872
2021-06-02,-4.848367074900006e-05
2021-06-03,-0.00517276896348812
2021-06-04,0.006956536970604761
2021-06-07,0.00040800978361110003
2021-06-08,-0.00055123401441802
2021-06-09,-0.0009639837236436199
2021-06-10,0.0024235277476890396
2021-06-11,-0.0012049597283717603
2021-06-14,0.00191366485756516
2021-06-15,-0.0014061944694553
2021-06-16,-0.0032758767319029745
2021-06-17,-0.00718628958589426
2021-06-18,-0.00923872355844912
2021-06-21,0.009587812830574461
2021-06-22,0.0031004442865409606
2021-06-23,0.00069084951519928
2021-06-24,0.0027059863535483395
2021-06-25,0.00243079163055124
2021-06-28,0.0013204125236482198
2021-06-29,-0.0009408570912478399
2021-06-30,-0.00112342144056456
2021-07-01,0.0034285664016609403
2021-07-02,0.00417953753464422
2021-07-06,-0.0022961812926623197
2021-07-07,0.0015717059489234796
2021-07-08,-0.0039067631263732
2021-07-09,0.00743772898765414
2021-07-12,0.0019659441295784997
2021-07-13,-0.0036346675081054603
2021-07-14,0.001138526337943
2021-07-15,-0.0026375895942541
2021-07-16,-0.004404998878709539
2021-07-19,-0.009801349448209179
2021-07-20,0.008079350455218098
2021-07-21,0.0057053292478349595
2021-07-22,0.0002584170679702601
2021-07-23,0.005716628811522099
2021-07-26,0.0030907149014763
2021-07-27,-0.0021235411786876997
2021-07-28,-0.00085629256557588
2021-07-29,0.0051181447371019
2021-07-30,-0.00399346227285112
2021-08-02,-0.0008034328266986401
2021-08-03,0.00443007473919288
2021-08-04,-0.003393519991321
2021-08-05,0.0034911440268139402
2021-08-06,-0.0016059600428970802
2021-08-09,-0.00097255765049742
2021-08-10,-0.0003249596205940002
2021-08-11,0.0019905201442949397
2021-08-12,0.0017345615342447304
2021-08-13,0.0030034003456273803
2021-08-16,0.0008916870025162599
2021-08-17,-0.00636300360203282
2021-08-18,-0.006893959952705179
2021-08-19,0.0004458131321994199
2021-08-20,0.00476250761976466
2021-08-23,0.00652716926641144
2021-08-24,0.0013737875106501199
2021-08-25,0.00173904080080492
2021-08-26,-0.00340313256014728
2021-08-27,0.0063822092155037605
2021-08-30,0.0026123189939644227
2021-08-31,-0.0006405068494872
2021-09-01,0.0018783625227471199
2021-09-02,0.00197306798228036
2021-09-03,0.00067503514453212
2021-09-07,-0.00322055240439238
2021-09-08,-0.00183954040718362
2021-09-09,-0.0024652388275744996
2021-09-10,-0.0048545475741743
2021-09-13,0.00095809008400996
2021-09-14,-0.00295013999200048
2021-09-15,0.00462289857349312
2021-09-16,-0.0025262926490058797
2021-09-17,-0.006512973963092401
2021-09-20,-0.01044429340998168
2021-09-21,-0.00065816168648426
2021-09-22,0.00619616801755028
2021-09-23,0.0071007084805908395
2021-09-24,0.00019366274568475997
2021-09-27,-0.0021122523572115
2021-09-28,-0.01306306382947876
2021-09-29,-0.0014290557804872601
2021-09-30,-0.00839620255980556
2021-10-01,0.00758049062207866
2021-10-04,-0.007015686720496541
2021-10-05,0.005833997667551079
2021-10-06,0.00028005504171839954
2021-10-07,0.0054777518627869
2021-10-08,-0.0007689356063057598
2021-10-12,-0.00665848614980694
2021-10-13,0.0027454881000426
2021-10-14,0.010946009997759399
2021-10-15,0.00456298017692602
2021-10-18,0.00253864820552328
2021-10-19,0.0052114005777318395
2021-10-20,0.00257248045765742
2021-10-21,0.0017948564832591
2021-10-22,-0.00102198108050118
2021-10-25,0.0020504607644626395
2021-10-26,0.0004356763682106799
2021-10-27,-0.00269366396660292
2021-10-28,0.00878915437545466
2021-10-29,-0.00341048692779422
2021-11-01,0.00242721136255092
2021-11-02,0.0018589224839228203
2021-11-03,0.00396791132073218
2021-11-04,0.0011895916619085799
2021-11-05,0.00251260126850968
2021-11-08,0.0017767680676774801
2021-11-09,-0.002137435631107664
2021-11-10,-0.00744876732061878
2021-11-12,0.0020700678414911
2021-11-15,-0.0007761756961487897
2021-11-16,-0.0007793220535112599
2021-11-17,-0.00195144701113866
2021-11-18,0.00329726620101748
2021-11-19,-0.00225096188619896
2021-11-22,-0.00397645487525594
2021-11-23,0.0011710048087349599
2021-11-24,-0.00108283665830194
2021-11-26,-0.01002297516219238
2021-11-29,0.006414605438505019
2021-11-30,-0.01056354929196182
2021-12-01,-0.00585755632469264
2021-12-02,0.007855776597896838
2021-12-03,-0.0050199308912825405
2021-12-06,0.00607683122813004
2021-12-07,0.01105450814468752
2021-12-08,0.0047893857845822604
2021-12-09,-0.0059160889404914
2021-12-10,0.00665816364521446
2021-12-13,-0.00600227622828432
2021-12-14,-0.0055982337615411
2021-12-15,0.00951665955308628
2021-12-16,-0.003567719435931459
2021-12-17,-0.00733805279960284
2021-12-20,-0.0061278375449531795
2021-12-21,0.00965148059440878
2021-12-22,0.00791826387267566
2021-12-23,0.0035813323473479998
2021-12-27,0.0085643380878642
2021-12-28,-0.00113638400701772
2021-12-29,0.0016528793939337002
2021-12-30,-0.0024674642440979397
2022-01-03,0.0012437038728994596
2022-01-04,-0.00016536867551707998
2022-01-05,-0.01037132238203892
2022-01-06,-0.0015678177200051202
2022-01-07,-0.0006349266414702195
2022-01-10,-0.0019231967040610602
2022-01-11,0.00670496966159808
2022-01-12,0.0040748404767262
2022-01-13,-0.007454486482451999
2022-01-14,-0.00125666103691336
2022-01-18,-0.013878300641116819
2022-01-19,-0.00548935885639498
2022-01-20,-0.0070119763989426
2022-01-21,-0.01110488920878274
2022-01-24,0.0003895632940315197
2022-01-25,-0.00830404596598424
2022-01-26,-0.0010404829012536998
2022-01-27,-0.008163361403039401
2022-01-28,0.015115118975073519
2022-01-31,0.013085405446588799
2022-02-01,0.005065800795417781
2022-02-02,0.00775680222110238
2022-02-03,-0.01038020627964172
2022-02-04,0.00413517950459084
2022-02-07,-0.0029591701058375003
2022-02-08,0.0043894815107696
2022-02-09,0.00931286635909742
2022-02-10,-0.00915422863078868
2022-02-11,-0.01439173378557602
2022-02-14,-0.00576101035812206
2022-02-15,0.0113978054005329
2022-02-16,0.00116163381308162
2022-02-17,-0.01343823552553844
2022-02-18,-0.00561970837991824
2022-02-22,-0.0055874350763854995
2022-02-23,-0.012068272577606579
2022-02-24,0.003139845638137779
2022-02-25,0.01709458931786476
2022-02-28,-0.00278379456948684
2022-03-01,-0.01369225634489362
2022-03-02,0.011046562147729934
2022-03-03,-0.004930494506801121
2022-03-04,-0.00991490803193458
2022-03-07,-0.01988822816844768
2022-03-08,-0.00358334301362288
2022-03-09,0.02207630718122588
2022-03-10,-0.00482743888452714
2022-03-11,-0.01037973204597366
2022-03-14,-0.0029360486784600396
2022-03-15,0.012527323238069299
2022-03-16,0.01408329197225902
2022-03-17,0.011488928182117799
2022-03-18,0.004573538434338959
2022-03-21,-0.00011601198428050003
2022-03-22,0.005802005297768679
2022-03-23,-0.008172066972124
2022-03-24,0.008726978537534501
2022-03-25,0.00226809230410974
2022-03-28,0.0039803233367351
2022-03-29,0.01191050799486102
2022-03-30,-0.0016684325033107794
2022-03-31,-0.01198198007806736
2022-04-01,0.00023567703902283976
2022-04-04,0.0029833905395796594
2022-04-05,-0.01017077078799098
2022-04-06,-0.006151752567475781
2022-04-07,0.00206983150536522
2022-04-08,-0.00254797269733412
2022-04-11,-0.010176016957362293
2022-04-12,-0.00290090905214582
2022-04-13,0.00747769926469724
2022-04-14,-0.010210657398103699
2022-04-18,-0.0005307130268853201
2022-04-19,0.00970635078813178
2022-04-20,0.0021419432975889005
2022-04-21,-0.00958142535632654
2022-04-22,-0.01869157893804596
2022-04-25,0.00017073123659457935
2022-04-26,-0.01870275827172406
2022-04-27,-0.00296691862322026
2022-04-28,0.012805062988271217
2022-04-29,-0.0207684752145501
2022-05-02,0.00278771690592938
2022-05-03,0.00331325765410852
2022-05-04,0.01792090915565864
2022-05-05,-0.02299681849281496
2022-05-06,-0.0009472729422278993
2022-05-09,-0.020029100959192737
2022-05-10,0.00041080489552316004
2022-05-11,-0.00973228782474192
2022-05-12,-0.00693707558781242
2022-05-13,0.01546216296406968
2022-05-16,-0.0019884811108285003
2022-05-17,0.01625782100420128
2022-05-18,-0.026186091339080658
2022-05-19,1.8731910525659774e-05
2022-05-20,-0.00097163447183466
2022-05-23,0.01513902556607356
2022-05-24,-0.002052826408482099
2022-05-25,0.00242916122298484
2022-05-26,0.01431955603940294
2022-05-27,0.01406747513663878
2022-05-31,-0.00295553730733884
2022-06-01,-0.007687560025055641
2022-06-02,0.01421350674245026
2022-06-03,-0.010336943371554039
2022-06-06,0.0010578114714209397
2022-06-07,0.005612218827449379
2022-06-08,-0.004906847019762599
2022-06-09,-0.017592672073314962
2022-06-10,-0.0228253967899697
2022-06-13,-0.026968680940042303
2022-06-14,-0.00303581916170468
2022-06-15,0.007615517044502279
2022-06-16,-0.0143625311710671
2022-06-17,-0.0008900513925542604
2022-06-21,0.01736379378108334
2022-06-22,0.0005436399587415002
2022-06-23,0.0026570256480147997
2022-06-24,0.01943201477294908
2022-06-27,0.0005597517775892001
2022-06-28,-0.01474528112185446
2022-06-29,-0.00259750097672488
2022-06-30,-0.005584236511809041
2022-07-01,0.003999998827830479
2022-07-05,-0.005051423128781101
2022-07-06,-0.0010322402102101603
2022-07-07,0.008361372201838038
2022-07-08,0.0002490726336721201
2022-07-11,-0.01050942978847252
2022-07-12,-0.006326220103066219
2022-07-13,-0.0022036885636668793
2022-07-14,-0.00391037362405386
2022-07-15,0.0138373505475873
2022-07-18,-0.00223418614767888
2022-07-19,0.01941127316590402
2022-07-20,0.0027057868605590797
2022-07-21,0.0051040564521901794
2022-07-22,-0.0045289049353429795
2022-07-25,0.00024049819962197998
2022-07-26,-0.01070509644372278
2022-07-27,0.01517556500742978
2022-07-28,0.0094068118172867
2022-07-29,0.0099966918610173
2022-08-01,0.0009610745953015603
2022-08-02,-0.006981906315027119
2022-08-03,0.007422567340680539
2022-08-04,0.00247936699752644
2022-08-05,-0.0029771283121514
2022-08-08,0.00070961249814442
2022-08-09,-0.0018107744244304199
2022-08-10,0.01695877091613026
2022-08-11,-0.0003847090629704089
2022-08-12,0.007158033666472159
2022-08-15,-0.00040149069078482
2022-08-16,0.0006528327405751599
2022-08-17,-0.00475179956134944
2022-08-18,-0.0006124187001538201
2022-08-19,-0.01076755960817648
2022-08-22,-0.01710464964247904
2022-08-23,0.0002628878362147401
2022-08-24,0.0013861153938359398
2022-08-25,0.008074742772847358
2022-08-26,-0.01899775283264084
2022-08-29,-0.00393322610449154
2022-08-30,-0.005934267898440439
2022-08-31,-0.00283642249172738
2022-09-01,-0.00280156657903518
2022-09-02,-0.0032734979433625797
2022-09-06,-0.00711514927607346
2022-09-07,0.01203300576677476
2022-09-08,0.00451627876653398
2022-09-09,0.01269324723321396
2022-09-12,0.009608404479604059
2022-09-13,-0.03176648555959572
2022-09-14,0.0018686829807725198
2022-09-15,-0.0069094408863514395
2022-09-16,-0.00344500255863436
2022-09-19,0.0037005669746728804
2022-09-20,-0.0071617287642556605
2022-09-21,-0.01494776473875924
2022-09-22,-0.006660057498530279
2022-09-23,-0.015419535404746661
2022-09-26,-0.01020729257841012
2022-09-27,-0.00156464201908504
2022-09-28,0.01438341621069892
2022-09-29,-0.00898742691928572
2022-09-30,-0.008740680714905
2022-10-03,0.01639443572119928
2022-10-04,0.0248680494588589
2022-10-05,-0.0056871844489679805
2022-10-06,-0.00861877606314652
2022-10-07,-0.017899437252895018
2022-10-11,-0.009582993999284299
2022-10-12,-0.00465137927889212
2022-10-13,0.0189960473051169
2022-10-14,-0.01604871469023656
2022-10-17,0.019930174014348597
2022-10-18,0.006777016027611259
2022-10-19,-0.00654444538165122
2022-10-20,-0.0030347948512532003
2022-10-21,0.01536960707624234
2022-10-24,0.007857589928673919
2022-10-25,0.013110109240294002
2022-10-26,-9.491790464859987e-05
2022-10-27,-0.00697194759271566
2022-10-28,0.012548520672413618
2022-10-31,-0.00646728820470722
2022-11-01,-0.0030327329285797996
2022-11-02,-0.01502982355599804
2022-11-03,-0.01111199539453464
2022-11-04,0.013651926032878221
2022-11-07,0.009843024653809901
2022-11-08,0.00701362993286736
2022-11-09,-0.01466504757008546
2022-11-10,0.0378729992750195
2022-11-14,0.006412514823315641
2022-11-15,0.006557299220586721
2022-11-16,-0.004085757269827639
2022-11-17,-0.00393980381709758
2022-11-18,0.00315770119142046
2022-11-21,-0.00664817114114344
2022-11-22,0.00957505963807262
2022-11-23,0.006949243259276179
2022-11-25,0.00129406649392948
2022-11-28,-0.0099545317148392
2022-11-29,-0.00211294473681072
2022-11-30,0.01701049398721824
2022-12-01,0.00620333877649898
2022-12-02,0.00015819125671171993
2022-12-05,-0.011861607985897478
2022-12-06,-0.00858797523739302
2022-12-07,-0.00081371805243646
2022-12-08,0.0062817997016543
2022-12-09,-0.0045018345260692
2022-12-12,0.00831733930209734
2022-12-13,0.007569308709204359
2022-12-14,-0.00270306553835838
2022-12-15,-0.015781184167360098
2022-12-16,-0.00777437817611604
2022-12-19,-0.00490151077730038
2022-12-20,0.00103599057410064
2022-12-21,0.007498840021744059
2022-12-22,-0.009149626773530121
2022-12-23,0.0047552994232099004
2022-12-27,-0.00119380169087178
2022-12-28,-0.008459312217269439
2022-12-29,0.01211488510388024
2022-12-30,-0.00040310010534949994
2023-01-03,-0.0076364191483566
2023-01-04,0.00681058004099702
2023-01-05,-0.010736626432782441
2023-01-06,0.01722092315085314
2023-01-09,0.0047783477657288
2023-01-10,0.003353655067561639
2023-01-11,0.00777227393022538
2023-01-12,0.00512544304504586
2023-01-13,0.0019495643309850599
2023-01-17,-0.00188605905449988
2023-01-18,-0.008152905601945079
2023-01-19,-0.0052291548355702005
2023-01-20,0.012021307416496641
2023-01-23,0.00834048539134272
2023-01-24,-0.00013262245662488
2023-01-25,0.0009197025916342601
2023-01-26,0.00528227853523012
2023-01-27,0.00116357572316398
2023-01-30,-0.007463879536794841
2023-01-31,0.00839035575440886
2023-02-01,0.008406482567075359
2023-02-02,0.008792097155158655
2023-02-03,-0.00966699818202872
2023-02-06,-0.007519877544784399
2023-02-07,0.007039516479071539
2023-02-08,-0.0056033832014053195
2023-02-09,-0.00431654043402026
2023-02-10,-0.0020812496065114802
2023-02-13,0.00862553287955594
2023-02-14,-1.8995915694400002e-05
2023-02-15,0.00020396641647533998
2023-02-16,-0.008293345589999699
2023-02-17,-0.00188746919143078
2023-02-21,-0.012934309384144459
2023-02-22,-0.00222306801603998
2023-02-23,0.0016801554016493802
2023-02-24,-0.0077949249253760206
2023-02-27,0.00377088589033498
2023-02-28,-0.00159792214905528
2023-03-01,-0.0001345908307067798
2023-03-02,0.00156065073355872
2023-03-03,0.010403322278306058
2023-03-06,0.00334036991305058
2023-03-07,-0.01381908541483594
2023-03-08,-6.0712568473680114e-05
2023-03-09,-0.01011881830867172
2023-03-10,-0.005661275505680541
2023-03-13,0.0018608717489995603
2023-03-14,0.009395267643206421
2023-03-15,-0.011241065098618521
2023-03-16,0.013735440669800699
2023-03-17,-0.005708015736631739
2023-03-20,0.00813511217490912
2023-03-21,0.0094887537017499
2023-03-22,-0.009106734130013219
2023-03-23,0.0054039775239893
2023-03-24,-0.0013550354765302607
2023-03-27,0.00198962804414818
2023-03-28,0.00108888552232838
2023-03-29,0.007817603382878699
2023-03-30,0.00610755408932082
2023-03-31,0.007607853662323239
2023-04-03,0.00291368948759282
2023-04-04,-0.0012907457510958399
2023-04-05,-0.00270444668910458
2023-04-06,0.00247323872683898
2023-04-10,-0.0026000108026360603
2023-04-11,0.0024032167899316545
2023-04-12,0.0004737884954706603
2023-04-13,0.01033710712592892
2023-04-14,-0.0039296662181698
2023-04-17,-0.00039451105053326047
2023-04-18,0.0020855877988182
2023-04-19,-0.00023310193642053718
2023-04-20,-0.0029618507892801
2023-04-21,0.0006510458831644599
2023-04-24,0.0024743675438861
2023-04-25,-0.011708234763591981
2023-04-26,0.0007426199941956602
2023-04-27,0.01035755134670438
2023-04-28,0.00576581836395078
2023-05-01,-0.00277603493456048
2023-05-02,-0.006009044900139
2023-05-03,-0.0023267663334524203
2023-05-04,-0.00579766616185956
2023-05-05,0.01160089553253132
2023-05-08,5.3472322428600006e-05
2023-05-09,-0.0051932999515682
2023-05-10,0.0031588083959148
2023-05-11,-0.00284682578477984
2023-05-12,-0.00315540342298148
2023-05-15,0.0024349996156050003
2023-05-16,-0.00413326975495482
2023-05-17,0.005764961252095879
2023-05-18,0.0036410158088887993
2023-05-19,0.0007247899913140201
2023-05-22,-0.00038789733056036
2023-05-23,-0.0080689885599903
2023-05-24,-0.004890399878553139
2023-05-25,0.00400285925654984
2023-05-26,0.0073309466277242195
2023-05-30,0.000345886207479357
2023-05-31,-0.006221342103998559
2023-06-01,0.00954628760419374
2023-06-02,0.00761484842845384
2023-06-05,-0.0013152581591848599
2023-06-06,0.00043943301060047995
2023-06-07,-0.00202984648216274
2023-06-08,0.00660649138495346
2023-06-09,-0.00046345113775680003
2023-06-12,0.005492309146646599
2023-06-13,0.0058165881485948406
2023-06-14,0.00296708737325528
2023-06-15,0.0099793517252252
2023-06-16,-0.00249982479086776
2023-06-20,-0.00376420891983668
2023-06-21,-0.0012882542843023
2023-06-22,0.0022953774782273
2023-06-23,-0.00703055467041086
2023-06-26,-0.0018539722951850398
2023-06-27,0.008699881693750019
2023-06-28,-0.00229797301486162
2023-06-29,0.0018335119530458997
2023-06-30,0.008747746498971181
2023-07-03,0.0006653693834441439
2023-07-05,-0.00305483196889154
2023-07-06,-0.004588454991882539
2023-07-07,0.0016122350018094606
2023-07-10,0.0024251700983031997
2023-07-11,0.004068144600264245
2023-07-12,0.00916921095259124
2023-07-13,0.0076058591037718596
2023-07-14,0.0009186500653689402
2023-07-17,0.002273167884920489
2023-07-18,0.0037921818365281197
2023-07-19,0.0004138524967482399
2023-07-20,-0.00621746344566574
2023-07-21,-0.00034474337469486
2023-07-24,0.0010824300096368596
2023-07-25,0.00049366495548838
2023-07-26,0.00091901694024666
2023-07-27,-0.0067663451048003195
2023-07-28,0.00738605628549714
2023-07-31,0.0001915224872954599
2023-08-01,-0.00338374008723468
2023-08-02,-0.009530158197674159
2023-08-03,-0.0012383109226963
2023-08-04,5.042947657369961e-05
2023-08-07,0.004083196950487599
2023-08-08,-0.0043221138153982
2023-08-09,-0.00336250877535908
2023-08-10,0.0016419147633971601
2023-08-11,-0.00279021820006734
2023-08-14,0.0021605808875248596
2023-08-15,-0.00675115680243064
2023-08-16,-0.005429921576607259
2023-08-17,-0.00574768768187604
2023-08-18,-5.2460836245473864e-05
2023-08-21,0.00459124823852706
2023-08-22,-0.0032147360274563
2023-08-23,0.007180247895676719
2023-08-24,-0.009457576619646439
2023-08-25,0.00257373679668922
2023-08-28,0.004599004409824
2023-08-29,0.010156708785271919
2023-08-30,0.0050506926361263
2023-08-31,-0.0041567446649614
2023-09-01,-0.0008450883139593001
2023-09-05,-0.0047529176329660396
2023-09-06,-0.00468264770916112
2023-09-07,-0.00230339855216318
2023-09-08,0.00104215293174462
2023-09-11,0.00532578759067142
2023-09-12,-0.00409799696875352
2023-09-13,0.00115451996444866
2023-09-14,0.0021578097589471197
2023-09-15,-0.006852943122612879
2023-09-18,0.00125628370311938
2023-09-19,-0.0017036706464388402
2023-09-20,-0.004504589302735739
2023-09-21,-0.01183054279053384
2023-09-22,-0.0015290162350477202
2023-09-25,-0.0001885211849753602
2023-09-26,-0.00958687807523382
2023-09-27,-0.00225298334660806
2023-09-28,0.0061051412344552206
2023-09-29,-0.0014010795377627197
2023-10-02,-0.003139695673517303
2023-10-03,-0.0100981415420533
2023-10-04,0.007325878918833019
2023-10-05,-0.00044079639123427997
2023-10-06,0.00966065145648218
2023-10-10,0.0077167353658217
2023-10-11,0.00264563385366654
2023-10-12,-0.00629110378109884
2023-10-13,-0.00495667225912736
2023-10-16,0.007995542029292719
2023-10-17,0.0017197130015643568
2023-10-18,-0.010404297326414059
2023-10-19,-0.0036707825172580797
2023-10-20,-0.0067674319864523
2023-10-23,0.0010219156190573004
2023-10-24,0.0024228776277343995
2023-10-25,-0.00911933940707804
2023-10-26,-0.009074122482854339
2023-10-27,-0.0006148200324893995
2023-10-30,0.00821913361643834
2023-10-31,0.0019090740869720994
2023-11-01,0.00513359023467032
2023-11-02,0.0142349348081958
2023-11-03,0.00991889511762514
2023-11-06,0.0015722711519333202
2023-11-07,-0.0005377691105586601
2023-11-08,0.0016492917255256602
2023-11-09,-0.0050567550958159
2023-11-13,0.00842212534275412
2023-11-14,0.017311029586394203
2023-11-15,0.00066274387268054
2023-11-16,0.0006400656998170799
2023-11-17,0.0017995988794600399
2023-11-20,0.00683724254890838
2023-11-21,-0.0020186225198673
2023-11-22,0.0005229340231694998
2023-11-24,0.0026694562591970403
2023-11-27,-0.0010639509779677
2023-11-28,0.0031397473603601003
2023-11-29,-0.00195133890527818
2023-11-30,3.5535736669359795e-05
2023-12-01,0.00241229942733992
2023-12-04,-0.00524450398598454
2023-12-05,-0.0017111444476047
2023-12-06,-0.00223703791613016
2023-12-07,0.00491022421855082
2023-12-08,0.0006695120166754598
2023-12-11,0.002387332426003278
2023-12-12,0.00435050820046218
2023-12-13,0.008246250886845278
2023-12-14,0.009076037018791741
2023-12-15,-0.00336953355083163
2023-12-18,0.0032240080175053396
2023-12-19,0.00559203489630892
2023-12-20,-0.00960534781748122
2023-12-21,0.00735217285240588
2023-12-22,0.00164982919005684
2023-12-26,0.0035135452470545603
2023-12-27,0.0037110656262209
2023-12-28,-0.0012562836367837002
2023-12-29,-0.0020958442573067396
2024-01-02,-0.00722091259547128
2024-01-03,-0.0065853225084392605
2024-01-04,-0.00030442409686712
2024-01-05,0.0010944055402048799
2024-01-08,0.00910261210352824
2024-01-09,-0.00238435813312438
2024-01-10,0.00430341484822194
2024-01-11,-0.00102369305504946
2024-01-12,0.00103485748914424
2024-01-16,-0.005063374540955361
2024-01-17,-0.004262801308243
2024-01-18,0.00544418843106092
2024-01-19,0.0082257293011097
2024-01-22,0.00160895883112232
2024-01-23,-0.0006802201963983805
2024-01-24,0.00313771850095716
2024-01-25,0.0007925743730496397
2024-01-26,0.00067777142164872
2024-01-29,0.0023391939335527796
2024-01-30,0.00100664071619384
2024-01-31,-0.009336524100858019
2024-02-01,0.00781809089334664
2024-02-02,0.00349470848504156
2024-02-05,-0.00381052854695536
2024-02-06,0.0019431343465616201
2024-02-07,0.00559374529025976
2024-02-08,0.00052791576905664
2024-02-09,0.0037324864629701
2024-02-12,-0.0008665412449873401
2024-02-13,-0.010271042303001559
2024-02-14,0.006279787733372621
2024-02-15,0.0044502623500810995
2024-02-16,-0.0025917477537994995
2024-02-20,-0.0019460668411057796
2024-02-21,0.00090596515252072
2024-02-22,0.01243079339921148
2024-02-23,0.0006892548430490001
2024-02-26,-0.0012801885163814797
2024-02-27,0.00109658309435756
2024-02-28,-0.00151179938952988
2024-02-29,0.0017989969683975399
2024-03-01,0.005709812574231159
2024-03-04,0.00038989891761216004
2024-03-05,-0.006184036714846406
2024-03-06,0.00498731485557236
2024-03-07,0.007175814274318479
2024-03-08,-0.00392996283938724
2024-03-11,-0.00114928001959538
2024-03-12,0.006317498630860059
2024-03-13,-0.00020441193486971977
2024-03-14,-0.00377716176181304
2024-03-15,-0.00390239767015584
2024-03-18,0.00370541919023264
2024-03-19,0.00238663756823614
2024-03-20,0.0052082960155264
2024-03-21,0.00212301101401508
2024-03-22,-0.00246571610374762
2024-03-25,-0.00109686362488302
2024-03-26,-0.00197764265300086
2024-03-27,0.004860527541732459
2024-03-28,-7.045399886720005e-05
2024-04-01,-0.0037356057742749197
2024-04-02,-0.0030198259017377403
2024-04-03,0.00280284747643624
2024-04-04,-0.00604515008262172
2024-04-05,0.0057382951300985596
2024-04-08,0.00021766421805950002
2024-04-09,0.0009772206850971999
2024-04-10,-0.0101100678325601
2024-04-11,0.00389113630486224
2024-04-12,-0.011602381446819859
2024-04-15,-0.0073692020247939595
2024-04-16,-0.0018369441989593402
2024-04-17,-0.0028766717325077198
2024-04-18,-0.0007255534694532799
2024-04-19,-0.0054659226767749
2024-04-22,0.00521599664093262
2024-04-23,0.00863500553950584
2024-04-24,-0.00017153401739632002
2024-04-25,-0.0014816110083371997
2024-04-26,0.004786439574526879
2024-04-29,0.00306276629059874
2024-04-30,-0.01074692104532566
2024-05-01,-0.00221462010519058
2024-05-02,0.00642480741645868
2024-05-03,0.00987121684424246
2024-05-06,0.00649800389410376
2024-05-07,0.0003599631052456999
2024-05-08,-0.00044952500133201354
2024-05-09,0.00364143141711066
2024-05-10,0.00106307946117662
2024-05-13,0.0007083057649779601
2024-05-14,0.00370994735442276
2024-05-15,0.00853868823544918
2024-05-16,-0.0006982195967967801
2024-05-17,0.00047771570701251996
2024-05-20,0.0002550739277463
2024-05-21,0.00127818380937674
2024-05-22,-0.00232658225309076
2024-05-23,-0.00477727002902186
2024-05-24,0.00510849953621274
2024-05-28,0.00114325468419226
2024-05-29,-0.0069446846132278205
2024-05-30,-0.0026349217814358
2024-05-31,0.00512957633811756
2024-06-03,0.00228869598859158
2024-06-04,0.00046000085209933983
2024-06-05,0.00658850095188496
2024-06-06,0.00054220834315878
2024-06-07,-0.0034726824655874405
2024-06-10,-0.0005315796124111
2024-06-11,0.0009537865045928999
2024-06-12,0.00915927749939262
2024-06-13,-0.0018172916299875402
2024-06-14,-0.0023617315762606604
2024-06-17,0.005477386784678
2024-06-18,0.0021073169159365
2024-06-20,-0.0026738310528306797
2024-06-21,-0.00146134811528794
2024-06-24,-0.0006094910975792797
2024-06-25,0.0015343563108874397
2024-06-26,8.237095517747988e-05
2024-06-27,0.00151653988986936
2024-06-28,-0.00234314305753292
2024-07-01,0.00223756764451556
2024-07-02,0.00404116165511854
2024-07-03,0.00534603643836804
2024-07-05,0.00433312684849106
2024-07-08,0.0008681979513047999
2024-07-09,-0.0003685173077137601
2024-07-10,0.006463524325127359
2024-07-11,-0.00354769681006256
2024-07-12,0.00447693518085398
2024-07-15,0.00206005438083252
2024-07-16,0.00283046963018668
2024-07-17,-0.006655228826678379
2024-07-18,-0.00544064801036762
2024-07-19,-0.0052169339569327604
2024-07-22,0.0061465039310376205
2024-07-23,-0.0018557743188963001
2024-07-24,-0.014126412612884578
2024-07-25,-0.0027988295089406
2024-07-26,0.006544000562239079
2024-07-29,-0.0009883584252097601
2024-07-30,-0.0033533887687898
2024-07-31,0.009919754726728161
2024-08-01,-0.009531475957354419
2024-08-02,-0.006524022298826838
2024-08-05,-0.01668336623444282
2024-08-06,0.00504724275473966
2024-08-07,-0.004695465430299457
2024-08-08,0.01326572825831906
2024-08-09,0.0031994170143359
2024-08-12,0.00013564676321901328
2024-08-13,0.010974889406197837
2024-08-14,0.00483789680448866
2024-08-15,0.0082214746673219
2024-08-16,0.00155663882882514
2024-08-19,0.00848806702872514
2024-08-20,0.0001067735347181002
2024-08-21,0.00386882906871132
2024-08-22,-0.0064261389381536005
2024-08-23,0.009076010563873879
2024-08-26,-0.00232494648157874
2024-08-27,0.0008130157187609199
2024-08-28,-0.004780928078294579
2024-08-29,-0.001500219325915042
2024-08-30,0.00508625846834432
2024-09-03,-0.0134421086844268
2024-09-04,0.0004118155214621602
2024-09-05,-0.0012724835267759796
2024-09-06,-0.010807193808487419
2024-09-09,0.005317386559708839
2024-09-10,0.0020612914231168795
2024-09-11,0.0058932145608036595
2024-09-12,0.005532435435873879
2024-09-13,0.00482674877153276
2024-09-16,0.0021224006627197202
2024-09-17,-2.116393700381998e-05
2024-09-18,-0.0018123237362391799
2024-09-19,0.01121453135944382
2024-09-20,-0.00073533575246994
2024-09-23,0.0006423257821698398
2024-09-24,0.00222291486926708
2024-09-25,-0.00136894688812446
2024-09-26,0.0038873634523383803
2024-09-27,-0.00164751664810358
2024-09-30,0.00203440391342088
2024-10-01,-0.008430015072375719
2024-10-02,-0.0005318870363344202
2024-10-03,-0.00227866600365758
2024-10-04,0.0033923807823747197
2024-10-07,-0.005232349364475499
2024-10-08,0.00556691145795946
2024-10-09,0.0035595231404298598
2024-10-10,-0.002194150907396
2024-10-11,0.00424210898166328
2024-10-15,-0.0015512903572397743
2024-10-16,0.0018455374673206197
2024-10-17,-0.0014292839108015602
2024-10-18,0.0030052305060165397
2024-10-21,-0.00234962653393636
2024-10-22,-0.0008399154138977801
2024-10-23,-0.00650394371091492
2024-10-24,0.00228678536111002
2024-10-25,7.930998348594005e-05
2024-10-28,0.0018106643664369398
2024-10-29,0.0001905392518018399
2024-10-30,0.0004540406312145604
2024-10-31,-0.011605616554145961
2024-11-01,0.0021925069452556
2024-11-04,-0.0003644053005228598
2024-11-05,0.00863549653995248
2024-11-06,0.008042325201985338
2024-11-07,0.006672321184624479
2024-11-08,-0.0008010114564392804
2024-11-12,-0.00536200611827258
2024-11-13,-0.00103239093860608
2024-11-14,-0.0038301822871313197
2024-11-15,-0.00835377392423212
2024-11-18,0.0036328791027775195
2024-11-19,0.00207106390635738
2024-11-20,-0.0021480628713845705
2024-11-21,0.0014430235759252598
2024-11-22,-0.0008355397317962804
2024-11-25,0.004836798566523659
2024-11-26,0.0035379509940887998
2024-11-27,0.0012863285284956398
2024-11-29,0.002294801081205
2024-12-02,-0.0009291931713434802
2024-12-03,0.0015659261602598202
2024-12-04,0.0039619982911153
2024-12-05,0.0005455281105968802
2024-12-06,0.00119256221530486
2024-12-09,-0.0034329197108693803
2024-12-10,-0.0039819116987813
2024-12-11,0.004727361192146559
2024-12-12,-0.00302891242558876
2024-12-13,-0.0006250405274055921
2024-12-16,0.00280834935983442
2024-12-17,-0.0025512420978517202
2024-12-18,-0.01937313798321328
2024-12-19,-0.0048216399668420395
2024-12-20,0.009295745513821962
2024-12-23,0.00355035629353762
2024-12-24,0.005781509271167461
2024-12-26,0.00110201833779272
2024-12-27,-0.00667038280535778
2024-12-30,-0.007878277048683921
2024-12-31,-0.003926642680686279
