DATE,VaR_MC_95
2017-01-26,-0.007790992902198173
2017-01-27,-0.007850141749626017
2017-01-30,-0.007806813041129344
2017-01-31,-0.007859473356477143
2017-02-01,-0.007839746342701794
2017-02-02,-0.007726753507591352
2017-02-03,-0.0076258912968475675
2017-02-06,-0.007575043016727038
2017-02-07,-0.0076935197837912405
2017-02-08,-0.007487776834634105
2017-02-09,-0.0074682015619726
2017-02-10,-0.007379589574385899
2017-02-13,-0.007405642783634263
2017-02-14,-0.00741357117582215
2017-02-15,-0.007370232447167878
2017-02-16,-0.007398903174999218
2017-02-17,-0.007345863928010084
2017-02-21,-0.007322237034277906
2017-02-22,-0.007322493512334755
2017-02-23,-0.007285337052127182
2017-02-24,-0.00723795253303627
2017-02-27,-0.007216746243013426
2017-02-28,-0.007258782476217131
2017-03-01,-0.00720251240576185
2017-03-02,-0.007111833550280439
2017-03-03,-0.007027494533627973
2017-03-06,-0.0070915451251126966
2017-03-07,-0.007048286969509892
2017-03-08,-0.0071473684137517875
2017-03-09,-0.007112263903786098
2017-03-10,-0.00709583109869798
2017-03-13,-0.0071284527106519405
2017-03-14,-0.007119614155658228
2017-03-15,-0.007059836222422064
2017-03-16,-0.00710471494206906
2017-03-17,-0.007060289159532446
2017-03-20,-0.007062163621536363
2017-03-21,-0.006980017451076572
2017-03-22,-0.0070543677465799235
2017-03-23,-0.00706590769267657
2017-03-24,-0.007002315453329725
2017-03-27,-0.006918683432316481
2017-03-28,-0.0069742286187100475
2017-03-29,-0.007047023387173565
2017-03-30,-0.006961649208952587
2017-03-31,-0.006937469210786142
2017-04-03,-0.007012292820314974
2017-04-04,-0.007035520922647216
2017-04-05,-0.007009632414278376
2017-04-06,-0.006947117825010471
2017-04-07,-0.006953057465777878
2017-04-10,-0.0068797240935402045
2017-04-11,-0.006816320011172448
2017-04-12,-0.006910523117107407
2017-04-13,-0.006872074772686817
2017-04-17,-0.00694722966147397
2017-04-18,-0.006943422022843458
2017-04-19,-0.006889700199785272
2017-04-20,-0.006888893006389403
2017-04-21,-0.006992258083749568
2017-04-24,-0.006950239513905465
2017-04-25,-0.00695326092384146
2017-04-26,-0.006921561993554135
2017-04-27,-0.007018727160048496
2017-04-28,-0.006933695963596552
2017-05-01,-0.006956555214745434
2017-05-02,-0.006909328995886537
2017-05-03,-0.006980792447707144
2017-05-04,-0.006976532455647097
2017-05-05,-0.006919336968592069
2017-05-08,-0.006860902382581202
2017-05-09,-0.006867603429759301
2017-05-10,-0.006856551064657394
2017-05-11,-0.006880825437785827
2017-05-12,-0.006908575617718334
2017-05-15,-0.006827053023406213
2017-05-16,-0.006794557530391787
2017-05-17,-0.006718217986633389
2017-05-18,-0.006763733014298391
2017-05-19,-0.006763319736863391
2017-05-22,-0.006769829887346031
2017-05-23,-0.006751299052541253
2017-05-24,-0.006757137887843489
2017-05-25,-0.006704816711410203
2017-05-26,-0.006690816967732986
2017-05-30,-0.006701542266770526
2017-05-31,-0.006710002429030798
2017-06-01,-0.006732404383538001
2017-06-02,-0.006691315719973384
2017-06-05,-0.006752199315491714
2017-06-06,-0.006717246662486909
2017-06-07,-0.0067182965282324945
2017-06-08,-0.006706653356870523
2017-06-09,-0.006740677356602414
2017-06-12,-0.006761444791107364
2017-06-13,-0.00666862784192254
2017-06-14,-0.0066495156290381635
2017-06-15,-0.006614576519925638
2017-06-16,-0.006622424673996126
2017-06-19,-0.006631532264386085
2017-06-20,-0.006571488987281918
2017-06-21,-0.006655379779897773
2017-06-22,-0.006648876168031561
2017-06-23,-0.006636839134605771
2017-06-26,-0.006621252601250854
2017-06-27,-0.006612287546622977
2017-06-28,-0.0056442503851937475
2017-06-29,-0.00543663251348733
2017-06-30,-0.005396727926997016
2017-07-03,-0.005289169854050706
2017-07-05,-0.005296947719811801
2017-07-06,-0.005305053707054402
2017-07-07,-0.005272880017998167
2017-07-10,-0.005291740651576493
2017-07-11,-0.005230508392930753
2017-07-12,-0.0052644500539631295
2017-07-13,-0.005277965942381525
2017-07-14,-0.005242526803004126
2017-07-17,-0.005189824147846026
2017-07-18,-0.0052125982959497765
2017-07-19,-0.005194044337253052
2017-07-20,-0.005252660340218359
2017-07-21,-0.00520043167865896
2017-07-24,-0.005191167852369199
2017-07-25,-0.0051623189941610295
2017-07-26,-0.005187874599590127
2017-07-27,-0.005168489607748599
2017-07-28,-0.005176266076725316
2017-07-31,-0.005140347954281926
2017-08-01,-0.005182554089580987
2017-08-02,-0.00519076611784628
2017-08-03,-0.005173940073076473
2017-08-04,-0.005153043159718854
2017-08-07,-0.005249633262577009
2017-08-08,-0.005167614540238244
2017-08-09,-0.005202833681482175
2017-08-10,-0.0052066614974857935
2017-08-11,-0.0053292468609984385
2017-08-14,-0.005321375734179368
2017-08-15,-0.005275674515041423
2017-08-16,-0.005326643001482234
2017-08-17,-0.005363662027726807
2017-08-18,-0.0054498128365975404
2017-08-21,-0.005416390626218396
2017-08-22,-0.005419678997557419
2017-08-23,-0.005419166334719346
2017-08-24,-0.005445308176635017
2017-08-25,-0.005398695497015945
2017-08-28,-0.005380219294287058
2017-08-29,-0.005365099134555121
2017-08-30,-0.00534634428071531
2017-08-31,-0.0053855691368185615
2017-09-01,-0.005356727994080576
2017-09-05,-0.005320339554933972
2017-09-06,-0.005342047886722432
2017-09-07,-0.0054022057539977785
2017-09-08,-0.005370455385340038
2017-09-11,-0.005406454675889237
2017-09-12,-0.005339354140267791
2017-09-13,-0.005030250442509421
2017-09-14,-0.00499870775353921
2017-09-15,-0.004866677037470845
2017-09-18,-0.004899990902299469
2017-09-19,-0.0048697314825382155
2017-09-20,-0.004836223672572698
2017-09-21,-0.004788278257271527
2017-09-22,-0.004820522037137663
2017-09-25,-0.004814031377769789
2017-09-26,-0.004851030837057619
2017-09-27,-0.004817527669225932
2017-09-28,-0.004792390618338654
2017-09-29,-0.004792843661376893
2017-10-02,-0.0048095666234617305
2017-10-03,-0.004800315644252154
2017-10-04,-0.004818141888244459
2017-10-05,-0.004722867176051943
2017-10-06,-0.004738522364717211
2017-10-10,-0.004779950892581564
2017-10-11,-0.004705276603403072
2017-10-12,-0.004724045870318395
2017-10-13,-0.004598805546329489
2017-10-16,-0.004591792481325483
2017-10-17,-0.004578753018391273
2017-10-18,-0.0045759156467112625
2017-10-19,-0.004570144599824963
2017-10-20,-0.004523631552811919
2017-10-23,-0.004572377155109333
2017-10-24,-0.004590212211214056
2017-10-25,-0.0045368819463752095
2017-10-26,-0.004589593331258891
2017-10-27,-0.004578392479804046
2017-10-30,-0.004566911630931209
2017-10-31,-0.004556448824700495
2017-11-01,-0.004544702457350938
2017-11-02,-0.0045155863609849705
2017-11-03,-0.00451900025765748
2017-11-06,-0.004537628866412764
2017-11-07,-0.004522035290118452
2017-11-08,-0.004488360023490423
2017-11-09,-0.0044438389944710995
2017-11-13,-0.0044557903577881084
2017-11-14,-0.004425548673029599
2017-11-15,-0.004414196713073243
2017-11-16,-0.004368286818124997
2017-11-17,-0.004330729063218864
2017-11-20,-0.004319043617004168
2017-11-21,-0.0043567123148701955
2017-11-22,-0.004321415818643658
2017-11-24,-0.004317391154672504
2017-11-27,-0.004372509633937669
2017-11-28,-0.0043220200472431506
2017-11-29,-0.004276198468535805
2017-11-30,-0.004292968862781974
2017-12-01,-0.004338190691357078
2017-12-04,-0.004262193962646529
2017-12-05,-0.004310755169755718
2017-12-06,-0.004384431818072982
2017-12-07,-0.004360869153308271
2017-12-08,-0.00432788553468452
2017-12-11,-0.0042809486513930165
2017-12-12,-0.004257088979165565
2017-12-13,-0.004263448756063056
2017-12-14,-0.00425139227799743
2017-12-15,-0.0043145573017759325
2017-12-18,-0.004233151285532074
2017-12-19,-0.0040925035147635165
2017-12-20,-0.004130569448392213
2017-12-21,-0.004145777146068911
2017-12-22,-0.004152001821399766
2017-12-26,-0.004126434560534275
2017-12-27,-0.0041270193393985076
2017-12-28,-0.004113891085939979
2017-12-29,-0.004151476175444905
2018-01-02,-0.004001226305653668
2018-01-03,-0.004020951953189785
2018-01-04,-0.0040262137795801945
2018-01-05,-0.004033122039635321
2018-01-08,-0.004023762364325102
2018-01-09,-0.0040013738522119025
2018-01-10,-0.004044626461679043
2018-01-11,-0.004027375312594693
2018-01-12,-0.004053650574691716
2018-01-16,-0.004012648476845963
2018-01-17,-0.004049127299139754
2018-01-18,-0.004032998490031266
2018-01-19,-0.004057729654323939
2018-01-22,-0.004048746910968182
2018-01-23,-0.0039838886784578365
2018-01-24,-0.003973925856255493
2018-01-25,-0.004009115706890847
2018-01-26,-0.003992938099747591
2018-01-29,-0.003947026708801687
2018-01-30,-0.004020607048945395
2018-01-31,-0.004081378280820825
2018-02-01,-0.004053126491315856
2018-02-02,-0.004075481155366358
2018-02-05,-0.004365766481360874
2018-02-06,-0.005170552696339083
2018-02-07,-0.005143819742091656
2018-02-08,-0.0052363525082835885
2018-02-09,-0.0058720451469647765
2018-02-12,-0.005949465545494767
2018-02-13,-0.005937949027575201
2018-02-14,-0.005948756383293474
2018-02-15,-0.00593529894277326
2018-02-16,-0.006073756937574805
2018-02-20,-0.006003995236753984
2018-02-21,-0.006096980141983116
2018-02-22,-0.006143074122038694
2018-02-23,-0.0060937496443397516
2018-02-26,-0.006188363709371599
2018-02-27,-0.0061413563362562006
2018-02-28,-0.006319374910096412
2018-03-01,-0.006371180237756543
2018-03-02,-0.006421321523689815
2018-03-05,-0.006437264619947805
2018-03-06,-0.006410099271722498
2018-03-07,-0.006442423708162212
2018-03-08,-0.006401826223355693
2018-03-09,-0.006344969947027095
2018-03-12,-0.006441671976627392
2018-03-13,-0.0063896101312456086
2018-03-14,-0.006431701863078627
2018-03-15,-0.006468003324050044
2018-03-16,-0.006510908274246238
2018-03-19,-0.006513694684723462
2018-03-20,-0.006550164520156175
2018-03-21,-0.006563283916484835
2018-03-22,-0.0065077203197901725
2018-03-23,-0.006735570115713344
2018-03-26,-0.0069062430839341455
2018-03-27,-0.00704100220376192
2018-03-28,-0.007224977416197468
2018-03-29,-0.007235746779569646
2018-04-02,-0.00714993234859309
2018-04-03,-0.007403272977577133
2018-04-04,-0.007432364828243122
2018-04-05,-0.007308198890106809
2018-04-06,-0.007373832874082899
2018-04-09,-0.0075292530464095295
2018-04-10,-0.007503887767384998
2018-04-11,-0.007522931080138565
2018-04-12,-0.00758335894539629
2018-04-13,-0.007555645630576765
2018-04-16,-0.0074815027321050356
2018-04-17,-0.007478987375004919
2018-04-18,-0.00751347108330112
2018-04-19,-0.007432543068376951
2018-04-20,-0.00752117989992096
2018-04-23,-0.007562741689593926
2018-04-24,-0.007532800060853762
2018-04-25,-0.007560028985845998
2018-04-26,-0.007633639818457133
2018-04-27,-0.007572647976574137
2018-04-30,-0.007595580496666509
2018-05-01,-0.007621703092707312
2018-05-02,-0.0075623220671887864
2018-05-03,-0.007696544597181979
2018-05-04,-0.007743497631419223
2018-05-07,-0.0076997155537399066
2018-05-08,-0.007719320940871422
2018-05-09,-0.007662357646347218
2018-05-10,-0.007710614581550066
2018-05-11,-0.007717729821102106
2018-05-14,-0.007643486702746938
2018-05-15,-0.007643356559867447
2018-05-16,-0.007759423287474602
2018-05-17,-0.0076874442230543145
2018-05-18,-0.007595776025420249
2018-05-21,-0.007704968963947098
2018-05-22,-0.007708621951217555
2018-05-23,-0.007664420386413202
2018-05-24,-0.007725917674334932
2018-05-25,-0.007746527778793014
2018-05-29,-0.007740542392723802
2018-05-30,-0.007845227843070604
2018-05-31,-0.007869058469415855
2018-06-01,-0.00791924977570299
2018-06-04,-0.007952497861863335
2018-06-05,-0.007937374865629536
2018-06-06,-0.007953650574579526
2018-06-07,-0.007912984910785945
2018-06-08,-0.00794640337677263
2018-06-11,-0.007901552628416198
2018-06-12,-0.007914323409466413
2018-06-13,-0.007868085440696648
2018-06-14,-0.00793217587138874
2018-06-15,-0.007996750305510577
2018-06-18,-0.007939796623338479
2018-06-19,-0.007949510798673282
2018-06-20,-0.007905819911526292
2018-06-21,-0.007885677342077806
2018-06-22,-0.007964972155312227
2018-06-25,-0.007979439308499401
2018-06-26,-0.008038823308287783
2018-06-27,-0.007990409472876624
2018-06-28,-0.008094834669804563
2018-06-29,-0.008039892776613926
2018-07-02,-0.007999768773038162
2018-07-03,-0.00799417884821213
2018-07-05,-0.00805425588891785
2018-07-06,-0.008009437267155962
2018-07-09,-0.00795911977572512
2018-07-10,-0.00796402934661285
2018-07-11,-0.00808440904717524
2018-07-12,-0.008102662068409799
2018-07-13,-0.008022609496260002
2018-07-16,-0.008026358136927371
2018-07-17,-0.008052024802183195
2018-07-18,-0.008038871971544109
2018-07-19,-0.008064873703610646
2018-07-20,-0.008030813733235267
2018-07-23,-0.008140473658114473
2018-07-24,-0.008125916858964194
2018-07-25,-0.008056242477100236
2018-07-26,-0.008134700720403341
2018-07-27,-0.00810744174166759
2018-07-30,-0.008078932638209007
2018-07-31,-0.008105207194029846
2018-08-01,-0.008124236306654273
2018-08-02,-0.008138869211840353
2018-08-03,-0.00809868844575396
2018-08-06,-0.008155554074844027
2018-08-07,-0.008138095242543116
2018-08-08,-0.008137394023517132
2018-08-09,-0.008079888741816815
2018-08-10,-0.008123781308024502
2018-08-13,-0.008145341155380455
2018-08-14,-0.008130837358033749
2018-08-15,-0.00813763042044211
2018-08-16,-0.008116720652591152
2018-08-17,-0.008173869982505957
2018-08-20,-0.008128986839572748
2018-08-21,-0.008058362627642679
2018-08-22,-0.00811029232229483
2018-08-23,-0.008052550684638542
2018-08-24,-0.008101258878505126
2018-08-27,-0.008043046922471288
2018-08-28,-0.008084063865852757
2018-08-29,-0.008085761973956437
2018-08-30,-0.008054962762022487
2018-08-31,-0.008128446652319783
2018-09-04,-0.008147185813540467
2018-09-05,-0.008154602493528522
2018-09-06,-0.008085063512326294
2018-09-07,-0.00821833321570157
2018-09-10,-0.00820510001542521
2018-09-11,-0.008104585564654803
2018-09-12,-0.008174588041023197
2018-09-13,-0.008194441625561343
2018-09-14,-0.008077591934494668
2018-09-17,-0.008151097791840433
2018-09-18,-0.008152684857304535
2018-09-19,-0.008170231467212371
2018-09-20,-0.008175882686934248
2018-09-21,-0.008093998806178719
2018-09-24,-0.008123650776406336
2018-09-25,-0.008167516922222938
2018-09-26,-0.00812135307470999
2018-09-27,-0.008133372101514652
2018-09-28,-0.008137469113249954
2018-10-01,-0.008109986296962421
2018-10-02,-0.008151788910533034
2018-10-03,-0.008171229546184492
2018-10-04,-0.00815847247040587
2018-10-05,-0.008183625175560467
2018-10-09,-0.008231010786766347
2018-10-10,-0.008185159785336753
2018-10-11,-0.008465802889480206
2018-10-12,-0.00862180854251376
2018-10-15,-0.008659991488534344
2018-10-16,-0.008727371378920675
2018-10-17,-0.00877072381831566
2018-10-18,-0.00875286295175862
2018-10-19,-0.00882916500468254
2018-10-22,-0.008837779661949872
2018-10-23,-0.008890487556344265
2018-10-24,-0.008855624895089122
2018-10-25,-0.009224386727740466
2018-10-26,-0.009256946621199092
2018-10-29,-0.00936859698371514
2018-10-30,-0.009348898335602302
2018-10-31,-0.009416071473539843
2018-11-01,-0.00938474079053868
2018-11-02,-0.009427954001312286
2018-11-05,-0.009477731839685047
2018-11-06,-0.009459562514584017
2018-11-07,-0.009439619749402117
2018-11-08,-0.009478524743499356
2018-11-09,-0.009509264931710788
2018-11-13,-0.009573034643862005
2018-11-14,-0.009712633326681973
2018-11-15,-0.009783789465964553
2018-11-16,-0.009738986413402791
2018-11-19,-0.00981373175941541
2018-11-20,-0.009815789465839678
2018-11-21,-0.009977941784370711
2018-11-23,-0.009898285345828687
2018-11-26,-0.009994098841305728
2018-11-27,-0.010052814666470603
2018-11-28,-0.009999836693111592
2018-11-29,-0.010058375218214888
2018-11-30,-0.010003865734464667
2018-12-03,-0.010046735207137657
2018-12-04,-0.010049104703723282
2018-12-06,-0.010322667388925568
2018-12-07,-0.010378183284360996
2018-12-10,-0.010478444234568635
2018-12-11,-0.010529499219406168
2018-12-12,-0.010517254333408907
2018-12-13,-0.010478938463730755
2018-12-14,-0.010599290141295967
2018-12-17,-0.010604370299105877
2018-12-18,-0.01073310208193457
2018-12-19,-0.010696114259141468
2018-12-20,-0.01073808053865629
2018-12-21,-0.010962690825843226
2018-12-26,-0.01105500459230196
2018-12-27,-0.011058481089091443
2018-12-28,-0.011087780301606455
2018-12-31,-0.011031439541704158
2019-01-02,-0.01106113531229572
2019-01-03,-0.011035244943804666
2019-01-04,-0.011197370817443424
2019-01-07,-0.011350225719769895
2019-01-08,-0.011380451001702192
2019-01-09,-0.011351299322951423
2019-01-10,-0.011317100856338797
2019-01-11,-0.011366062956619814
2019-01-15,-0.011393718478715077
2019-01-16,-0.011223968143781272
2019-01-17,-0.011364080045879587
2019-01-18,-0.011342895217148019
2019-01-22,-0.01146134775227194
2019-01-23,-0.011393687262635479
2019-01-24,-0.011345450317294578
2019-01-25,-0.011415695468013586
2019-01-28,-0.011370704488085151
2019-01-29,-0.011386986098076694
2019-01-30,-0.011471905414323875
2019-01-31,-0.01143570267955471
2019-02-01,-0.011549298240858097
2019-02-04,-0.011431225624688249
2019-02-05,-0.011364051298281306
2019-02-06,-0.01133813308821673
2019-02-07,-0.01140951935526401
2019-02-08,-0.0112957521602923
2019-02-11,-0.010949476493625206
2019-02-12,-0.01082889640405213
2019-02-13,-0.010770186398546806
2019-02-14,-0.010448885657801386
2019-02-15,-0.010456662738724759
2019-02-19,-0.010371075688524311
2019-02-21,-0.010481752070704346
2019-02-22,-0.010444419830177475
2019-02-25,-0.010426367156929293
2019-02-26,-0.010405758076066989
2019-02-27,-0.010355595342526235
2019-02-28,-0.010308740808812921
2019-03-01,-0.010337770364220358
2019-03-04,-0.010346079053074532
2019-03-05,-0.010304190233215622
2019-03-06,-0.010241403485054746
2019-03-07,-0.010197124894680972
2019-03-08,-0.010219228827553457
2019-03-11,-0.01025946552993368
2019-03-12,-0.010200355570024524
2019-03-13,-0.010191996770045763
2019-03-14,-0.010196319733172116
2019-03-15,-0.010261301587844437
2019-03-18,-0.01023682631202251
2019-03-19,-0.010139574240974742
2019-03-20,-0.010137462819496679
2019-03-21,-0.010128242273141049
2019-03-22,-0.010146920346310716
2019-03-25,-0.010341843337995316
2019-03-26,-0.010224669199409873
2019-03-27,-0.010204704090412912
2019-03-28,-0.010229537493214452
2019-03-29,-0.010150883556609154
2019-04-01,-0.009966141437045864
2019-04-02,-0.009871204535757077
2019-04-03,-0.00978810636267707
2019-04-04,-0.009691067242747087
2019-04-05,-0.009648407349151823
2019-04-08,-0.009496855665952672
2019-04-09,-0.009627389281721209
2019-04-10,-0.009556399770704816
2019-04-11,-0.009516101948359362
2019-04-12,-0.009536119170517825
2019-04-15,-0.009470259527545913
2019-04-16,-0.009455356886941166
2019-04-17,-0.009438611476293742
2019-04-18,-0.009447756099917578
2019-04-22,-0.009455578676831547
2019-04-23,-0.009423385201501584
2019-04-24,-0.009413086925575886
2019-04-25,-0.009425646669841482
2019-04-26,-0.009337345592968317
2019-04-29,-0.00929647698797766
2019-04-30,-0.009382649480822399
2019-05-01,-0.009241371709627631
2019-05-02,-0.009264440672513015
2019-05-03,-0.009254292558186135
2019-05-06,-0.009319861145522594
2019-05-07,-0.009252576638138318
2019-05-08,-0.009361216154874874
2019-05-09,-0.009351501379763134
2019-05-10,-0.009319841954056544
2019-05-13,-0.009306118536589391
2019-05-14,-0.009558503622379668
2019-05-15,-0.009487866056048535
2019-05-16,-0.00951983055923234
2019-05-17,-0.009445795255467595
2019-05-20,-0.009518652639527201
2019-05-21,-0.00957172897470391
2019-05-22,-0.009409955613396422
2019-05-23,-0.00944671828364692
2019-05-24,-0.009530096615976707
2019-05-28,-0.009504209895985327
2019-05-29,-0.009474982285348411
2019-05-30,-0.009681501474291762
2019-05-31,-0.009602960161403211
2019-06-03,-0.00958934367247635
2019-06-04,-0.009626341107015907
2019-06-05,-0.009531138910393538
2019-06-06,-0.009540054089341624
2019-06-07,-0.009534572799949492
2019-06-10,-0.009447257176907236
2019-06-11,-0.009517208261056025
2019-06-12,-0.009497088270531544
2019-06-13,-0.009480325492091837
2019-06-14,-0.009439633888440756
2019-06-17,-0.009524546403949698
2019-06-18,-0.009491833149109096
2019-06-19,-0.009517835383988487
2019-06-20,-0.009535326572514378
2019-06-21,-0.009443800506936967
2019-06-24,-0.009451980869492041
2019-06-25,-0.009454460408573978
2019-06-26,-0.00949303323483022
2019-06-27,-0.009470088194032457
2019-06-28,-0.009463118999687036
2019-07-01,-0.009446516746779949
2019-07-02,-0.009349789911300624
2019-07-03,-0.009447729547166696
2019-07-05,-0.00927482542696886
2019-07-08,-0.009294143294537023
2019-07-09,-0.009370692887006692
2019-07-10,-0.009372746199025154
2019-07-11,-0.00941141238738361
2019-07-12,-0.009332730712478643
2019-07-15,-0.009287034367721382
2019-07-16,-0.009376386726826818
2019-07-17,-0.009322855645565774
2019-07-18,-0.009336583106684207
2019-07-19,-0.00938229480750827
2019-07-22,-0.009347051510125397
2019-07-23,-0.009381264479248972
2019-07-24,-0.009344883344985715
2019-07-25,-0.009328714443432218
2019-07-26,-0.00938542072064127
2019-07-29,-0.009339318555045094
2019-07-30,-0.009379704076511827
2019-07-31,-0.009380301220399425
2019-08-01,-0.009439978961926594
2019-08-02,-0.009542118803657866
2019-08-05,-0.009512411327288977
2019-08-06,-0.00972112218679342
2019-08-07,-0.00972369276325885
2019-08-08,-0.009715395662146447
2019-08-09,-0.009732033332130316
2019-08-12,-0.009721299702725835
2019-08-13,-0.009844194707191722
2019-08-14,-0.009782394702859923
2019-08-15,-0.010054135179873835
2019-08-16,-0.010030077753502937
2019-08-19,-0.009991550903179582
2019-08-20,-0.009936193064383892
2019-08-21,-0.010011573292214209
2019-08-22,-0.010040294927220092
2019-08-23,-0.009981576425334699
2019-08-26,-0.010152670978597891
2019-08-27,-0.010099073461724093
2019-08-28,-0.010185747466651063
2019-08-29,-0.010154796981684965
2019-08-30,-0.010133088068436947
2019-09-03,-0.010188017503628511
2019-09-04,-0.010165354464345357
2019-09-05,-0.010218771320820089
2019-09-06,-0.010179892703174317
2019-09-09,-0.010172142165838746
2019-09-10,-0.010141082784684811
2019-09-11,-0.010195290135910256
2019-09-12,-0.010177942352095251
2019-09-13,-0.010071906656755076
2019-09-16,-0.010062775777031886
2019-09-17,-0.010116679544041968
2019-09-18,-0.010113229446127454
2019-09-19,-0.010124472660073698
2019-09-20,-0.010176483395804577
2019-09-23,-0.010169589059266146
2019-09-24,-0.010162505002013569
2019-09-25,-0.010252389136906752
2019-09-26,-0.01024440526102275
2019-09-27,-0.01026533527914104
2019-09-30,-0.010227655725117139
2019-10-01,-0.010247121662693289
2019-10-02,-0.010269795505341505
2019-10-03,-0.010432201128961155
2019-10-04,-0.010387704924368054
2019-10-07,-0.010365894204699307
2019-10-08,-0.01034736446697507
2019-10-09,-0.010455996438431437
2019-10-10,-0.010421319096892341
2019-10-11,-0.01044134977330822
2019-10-15,-0.010417604412081005
2019-10-16,-0.01036565048089858
2019-10-17,-0.010101062540791239
2019-10-18,-0.010032159499136311
2019-10-21,-0.010093763033255616
2019-10-22,-0.010009899820586213
2019-10-23,-0.009981745430100525
2019-10-24,-0.009953126639080958
2019-10-25,-0.009799862115990364
2019-10-28,-0.009891071553598323
2019-10-29,-0.009924958484592742
2019-10-30,-0.009771343586312813
2019-10-31,-0.009425710802711392
2019-11-01,-0.00945161208775677
2019-11-04,-0.009302258585663133
2019-11-05,-0.009261797601994881
2019-11-06,-0.00924626099382681
2019-11-07,-0.009314452802328154
2019-11-08,-0.009318397127123632
2019-11-12,-0.009267043744236352
2019-11-13,-0.00926354342035211
2019-11-14,-0.009289568348913807
2019-11-15,-0.009158663081754028
2019-11-18,-0.009234815218890462
2019-11-19,-0.00910930730691739
2019-11-20,-0.008906632751045538
2019-11-21,-0.008941260575468714
2019-11-22,-0.008942938242571457
2019-11-25,-0.008926126517773912
2019-11-26,-0.008778308701062935
2019-11-27,-0.008783610082241584
2019-11-29,-0.008660974333483734
2019-12-02,-0.008617437150980291
2019-12-03,-0.008638520526487338
2019-12-04,-0.008735807997163577
2019-12-05,-0.008601527554642958
2019-12-06,-0.008534776670572066
2019-12-09,-0.008604535678532354
2019-12-10,-0.008630771460520022
2019-12-11,-0.008289970709446063
2019-12-12,-0.00827256400305303
2019-12-13,-0.008034772923143644
2019-12-16,-0.008053708020305358
2019-12-17,-0.008048566521264088
2019-12-18,-0.008075910544233542
2019-12-19,-0.00808947229798101
2019-12-20,-0.00785369574809002
2019-12-23,-0.007746285736880796
2019-12-24,-0.0077393951039277245
2019-12-26,-0.007695061137963186
2019-12-27,-0.007554383059886916
2019-12-30,-0.0074008181722336214
2019-12-31,-0.007309998982410351
2020-01-02,-0.007331472775315238
2020-01-03,-0.007305273426441279
2020-01-06,-0.007393598667772127
2020-01-07,-0.007319886933734364
2020-01-08,-0.007146575530251088
2020-01-09,-0.007037183678128127
2020-01-10,-0.006912907397924457
2020-01-13,-0.006989648679676489
2020-01-14,-0.00700339933977791
2020-01-15,-0.006974646445105262
2020-01-16,-0.006943323460270594
2020-01-17,-0.006903074963817281
2020-01-21,-0.006981103954919203
2020-01-22,-0.006954308884906949
2020-01-23,-0.00702819015173094
2020-01-24,-0.006887850618948874
2020-01-27,-0.007014139300009789
2020-01-28,-0.007051847928505872
2020-01-29,-0.007031524669978763
2020-01-30,-0.007059857866226586
2020-01-31,-0.006999564427473846
2020-02-03,-0.007100629153926284
2020-02-04,-0.007022144621157284
2020-02-05,-0.0070261886128373694
2020-02-06,-0.007112310512390922
2020-02-07,-0.007105702041653057
2020-02-10,-0.0070562715042380595
2020-02-11,-0.0070457642789294355
2020-02-12,-0.007025890319114402
2020-02-13,-0.007013928433925605
2020-02-14,-0.007053392632339329
2020-02-18,-0.007041068579822001
2020-02-19,-0.00707243499144355
2020-02-20,-0.007022561353258274
2020-02-21,-0.007014448208782635
2020-02-24,-0.007069416118336252
2020-02-25,-0.007521022616277611
2020-02-26,-0.007810816766360307
2020-02-27,-0.0077933697733207595
2020-02-28,-0.008259199413638809
2020-03-02,-0.008269498710664739
2020-03-03,-0.008876840407805
2020-03-04,-0.009075039828964307
2020-03-05,-0.009260847165059231
2020-03-06,-0.00948894276854354
2020-03-09,-0.009458064211411174
2020-03-10,-0.010710276840167144
2020-03-11,-0.010849449036265604
2020-03-12,-0.011549417478154616
2020-03-13,-0.013798886208346938
2020-03-16,-0.014660185313594143
2020-03-17,-0.01684286495632166
2020-03-18,-0.017095170283901194
2020-03-19,-0.017626311044356434
2020-03-20,-0.017692522132290868
2020-03-23,-0.017936674871962276
2020-03-24,-0.017984617855550528
2020-03-25,-0.018701386044197712
2020-03-26,-0.018738394077614476
2020-03-27,-0.01899022065233783
2020-03-30,-0.01919309194211877
2020-03-31,-0.019259614181318455
2020-04-01,-0.0193592584540737
2020-04-02,-0.01969844486032318
2020-04-03,-0.01976083324281876
2020-04-06,-0.019781582422234073
2020-04-07,-0.01993681417706774
2020-04-08,-0.019967422385208263
2020-04-09,-0.02011877256698216
2020-04-13,-0.02021090514279485
2020-04-14,-0.020258043977788832
2020-04-15,-0.020081808491082653
2020-04-16,-0.020425299862552045
2020-04-17,-0.02027478707064259
2020-04-20,-0.020366307539172963
2020-04-21,-0.020495818043602725
2020-04-22,-0.0207341683079338
2020-04-23,-0.02060932206270906
2020-04-24,-0.02072913584322602
2020-04-27,-0.02059207904696667
2020-04-28,-0.020552849582537207
2020-04-29,-0.02058518249089864
2020-04-30,-0.020555462310534477
2020-05-01,-0.02065836563094461
2020-05-04,-0.020596287674041498
2020-05-05,-0.020685599059362767
2020-05-06,-0.0205114660336732
2020-05-07,-0.020618586736160776
2020-05-08,-0.020561665777623646
2020-05-11,-0.02054619108504577
2020-05-12,-0.020634506899993733
2020-05-13,-0.020503599066836076
2020-05-14,-0.020614651048277827
2020-05-15,-0.020658196317672718
2020-05-18,-0.020724253948758167
2020-05-19,-0.020900180942341653
2020-05-20,-0.02067700898380373
2020-05-21,-0.02064604217315623
2020-05-22,-0.020671921805597498
2020-05-26,-0.020679191784663525
2020-05-27,-0.020600786301385135
2020-05-28,-0.020776406728428197
2020-05-29,-0.020645533572618394
2020-06-01,-0.020669454619660396
2020-06-02,-0.02056076894525293
2020-06-03,-0.020602620492234512
2020-06-04,-0.020619703600853793
2020-06-05,-0.020649765401717243
2020-06-08,-0.02044645276861952
2020-06-09,-0.020428902119074794
2020-06-10,-0.02044854587109612
2020-06-11,-0.020438849682224185
2020-06-12,-0.020922061642710262
2020-06-15,-0.020964736496758566
2020-06-16,-0.02106155815921794
2020-06-17,-0.021002196866551002
2020-06-18,-0.02107465870376197
2020-06-19,-0.021175892289149904
2020-06-22,-0.020989740753228694
2020-06-23,-0.021077264429219356
2020-06-24,-0.021023841130254985
2020-06-25,-0.02099170045033821
2020-06-26,-0.021220418360498008
2020-06-29,-0.021177411276359474
2020-06-30,-0.021227151371668862
2020-07-01,-0.021191822467411057
2020-07-02,-0.021396429401333024
2020-07-06,-0.021171387603755632
2020-07-07,-0.02140541040470547
2020-07-08,-0.02120859682335906
2020-07-09,-0.021294193117468975
2020-07-10,-0.02148075248360622
2020-07-13,-0.02133523528822496
2020-07-14,-0.021429450885417322
2020-07-15,-0.02129017394502386
2020-07-16,-0.02138591355017242
2020-07-17,-0.021368518927802217
2020-07-20,-0.021334311648118238
2020-07-21,-0.021317162524169833
2020-07-22,-0.021232662673073662
2020-07-23,-0.02113873763722333
2020-07-24,-0.02128893623717058
2020-07-27,-0.021133262672108164
2020-07-28,-0.02127949708063188
2020-07-29,-0.021223319006770276
2020-07-30,-0.021218329590746567
2020-07-31,-0.021371562014499367
2020-08-03,-0.021211892176520315
2020-08-04,-0.02096618580679966
2020-08-05,-0.02101095518740488
2020-08-06,-0.0210697798761891
2020-08-07,-0.020861303995145884
2020-08-10,-0.020922726490189152
2020-08-11,-0.021080553740935135
2020-08-12,-0.021032365035804995
2020-08-13,-0.02091204771304464
2020-08-14,-0.0206786305773317
2020-08-17,-0.020735101183522377
2020-08-18,-0.020880033154071973
2020-08-19,-0.02077129850837362
2020-08-20,-0.020720765648594503
2020-08-21,-0.020801432987807584
2020-08-24,-0.020840672829184764
2020-08-25,-0.020695058746702837
2020-08-26,-0.02067184052260845
2020-08-27,-0.020635369664946272
2020-08-28,-0.020742501329714422
2020-08-31,-0.02076358815359658
2020-09-01,-0.020769629910621045
2020-09-02,-0.020604068898442594
2020-09-03,-0.02069576968582696
2020-09-04,-0.020900552447381638
2020-09-08,-0.020930490104893323
2020-09-09,-0.021052177915261587
2020-09-10,-0.02105695847093048
2020-09-11,-0.021107366540906093
2020-09-14,-0.02114732513965553
2020-09-15,-0.021229201102617924
2020-09-16,-0.021106431205765434
2020-09-17,-0.02115491983813705
2020-09-18,-0.02117785719756945
2020-09-21,-0.021235312942918055
2020-09-22,-0.02118867553315834
2020-09-23,-0.021151314528374255
2020-09-24,-0.02140969536176836
2020-09-25,-0.021254607912881102
2020-09-28,-0.021043801240310373
2020-09-29,-0.021241071534548274
2020-09-30,-0.021211447360258654
2020-10-01,-0.021167144341746012
2020-10-02,-0.02116140828654725
2020-10-05,-0.021135317764196273
2020-10-06,-0.0211452223460565
2020-10-07,-0.021255300622429096
2020-10-08,-0.021036644727233583
2020-10-09,-0.021200155560354494
2020-10-13,-0.021013243171660895
2020-10-14,-0.02111470392341798
2020-10-15,-0.02121996628234084
2020-10-16,-0.021281441337333652
2020-10-19,-0.021153490675620248
2020-10-20,-0.021172692635231447
2020-10-21,-0.021119070883063883
2020-10-22,-0.021256676702570313
2020-10-23,-0.021170644583259752
2020-10-26,-0.021362311714373826
2020-10-27,-0.021345033185265774
2020-10-28,-0.021286852568966633
2020-10-29,-0.021447541171739682
2020-10-30,-0.021574864565698973
2020-11-02,-0.0215881367788959
2020-11-03,-0.021569471126432132
2020-11-04,-0.02154839242754234
2020-11-05,-0.021545198007486218
2020-11-06,-0.021559108010688163
2020-11-09,-0.021516208855302074
2020-11-10,-0.02162000801193959
2020-11-12,-0.021510321366187534
2020-11-13,-0.021402864938591986
2020-11-16,-0.021474198912409148
2020-11-17,-0.021504798744183068
2020-11-18,-0.02145327482452252
2020-11-19,-0.021700095582733663
2020-11-20,-0.021543217146813225
2020-11-23,-0.02152758218802945
2020-11-24,-0.02165359123917281
2020-11-25,-0.021517549923596738
2020-11-30,-0.02152907797071283
2020-12-01,-0.02156668587832892
2020-12-02,-0.021593337762455343
2020-12-03,-0.02154328492376061
2020-12-04,-0.021467146006638325
2020-12-07,-0.021465360140959202
2020-12-08,-0.021577247442746424
2020-12-09,-0.021549066307926922
2020-12-10,-0.02172759078480522
2020-12-11,-0.02154639636769317
2020-12-14,-0.021547035624405624
2020-12-15,-0.021639629951233946
2020-12-16,-0.02138375137684615
2020-12-17,-0.021669956180927354
2020-12-18,-0.02152250493807143
2020-12-21,-0.0215583709481582
2020-12-22,-0.021527531161858217
2020-12-23,-0.02163777520321105
2020-12-28,-0.02172449369288962
2020-12-29,-0.02161228645265347
2020-12-30,-0.02160081662947991
2020-12-31,-0.02159513622441562
2021-01-04,-0.021666463495500696
2021-01-05,-0.021699359405263446
2021-01-06,-0.02153141099394204
2021-01-07,-0.021498903810146207
2021-01-08,-0.02155408483173502
2021-01-11,-0.021715013406203548
2021-01-12,-0.02166605733335926
2021-01-13,-0.02166503580078459
2021-01-14,-0.021625561992483493
2021-01-15,-0.021591420467737932
2021-01-19,-0.021731653439963045
2021-01-21,-0.02177378582449493
2021-01-22,-0.02159368709823506
2021-01-25,-0.02173592300070013
2021-01-26,-0.021728230457959775
2021-01-27,-0.021556494915630598
2021-01-28,-0.02181869949567409
2021-01-29,-0.02187784246679741
2021-02-01,-0.021742165015333607
2021-02-02,-0.021784362122956355
2021-02-03,-0.021700935863944705
2021-02-04,-0.021660216040916933
2021-02-05,-0.02191842615809027
2021-02-08,-0.021659945853345478
2021-02-09,-0.021686416236674038
2021-02-10,-0.021792323769463825
2021-02-11,-0.021822361411639832
2021-02-12,-0.021662704770674394
2021-02-16,-0.021801659964045067
2021-02-17,-0.02165152822015904
2021-02-18,-0.021835491204890995
2021-02-19,-0.021779698732670685
2021-02-22,-0.021757043428789695
2021-02-23,-0.02156146816354518
2021-02-24,-0.021638195850852058
2021-02-25,-0.02157773229693529
2021-02-26,-0.021803979067276765
2021-03-01,-0.02162393484986512
2021-03-02,-0.021423604109489687
2021-03-03,-0.021568776012605782
2021-03-04,-0.021365808217738192
2021-03-05,-0.021393481829165163
2021-03-08,-0.021090062580397615
2021-03-09,-0.021048316891676824
2021-03-10,-0.020828478911691407
2021-03-11,-0.020733797172900952
2021-03-12,-0.02061366349306922
2021-03-15,-0.01999686055838078
2021-03-16,-0.020015578855760774
2021-03-17,-0.0194942860997991
2021-03-18,-0.018058409039805504
2021-03-19,-0.017670342690025632
2021-03-22,-0.015498196702528645
2021-03-23,-0.015463751415642305
2021-03-24,-0.0148828086161764
2021-03-25,-0.014870182522886062
2021-03-26,-0.014375852058068081
2021-03-29,-0.014232574128066144
2021-03-30,-0.013461990001086424
2021-03-31,-0.013540401267769073
2021-04-01,-0.013074122685269527
2021-04-05,-0.012800607713072214
2021-04-06,-0.012653931646925935
2021-04-07,-0.012609869831946507
2021-04-08,-0.012074145773625285
2021-04-09,-0.012082458348768633
2021-04-12,-0.011837926267451261
2021-04-13,-0.01139332913613638
2021-04-14,-0.011398559026525427
2021-04-15,-0.011348836473624184
2021-04-16,-0.011326831883785663
2021-04-19,-0.011336911126896276
2021-04-20,-0.011258795385358808
2021-04-21,-0.011014763864629474
2021-04-22,-0.011070311465864508
2021-04-23,-0.01108831551787529
2021-04-26,-0.010911720423270233
2021-04-27,-0.010619741889714868
2021-04-28,-0.010603424524756723
2021-04-29,-0.010659028636602973
2021-04-30,-0.010531134884193922
2021-05-03,-0.010712834488535385
2021-05-04,-0.010646186477273478
2021-05-05,-0.010621922202167247
2021-05-06,-0.0106877693347842
2021-05-07,-0.010474625847342371
2021-05-10,-0.010518884183201573
2021-05-11,-0.010450677153608603
2021-05-12,-0.010520837229501603
2021-05-13,-0.010747930997119456
2021-05-14,-0.010740477525811042
2021-05-17,-0.010656752778336711
2021-05-18,-0.010602966637636073
2021-05-19,-0.010560006962977543
2021-05-20,-0.010495811931053601
2021-05-21,-0.010600764450086255
2021-05-24,-0.010437748191124321
2021-05-25,-0.010378626403475328
2021-05-26,-0.010302437466406479
2021-05-27,-0.010348260204497436
2021-05-28,-0.010340838310419447
2021-06-01,-0.010369817905978448
2021-06-02,-0.010335866089620858
2021-06-03,-0.010307078840542187
2021-06-04,-0.010376645870838334
2021-06-07,-0.010351071120504275
2021-06-08,-0.010486423648044257
2021-06-09,-0.01040658057495893
2021-06-10,-0.010350070962581932
2021-06-11,-0.010388161714635523
2021-06-14,-0.010401522304489479
2021-06-15,-0.01026991353631113
2021-06-16,-0.01028904536706067
2021-06-17,-0.009579281017770514
2021-06-18,-0.009661725635665877
2021-06-21,-0.009681560873366007
2021-06-22,-0.00974113686635997
2021-06-23,-0.00974760036672396
2021-06-24,-0.009669604050737758
2021-06-25,-0.009719420983496528
2021-06-28,-0.009570764941027255
2021-06-29,-0.009749166808673864
2021-06-30,-0.009396677291025363
2021-07-01,-0.009366533129354416
2021-07-02,-0.009164067360039413
2021-07-06,-0.009217791536907525
2021-07-07,-0.009231576382338383
2021-07-08,-0.009298131734587675
2021-07-09,-0.009215383930773452
2021-07-12,-0.009253494299419466
2021-07-13,-0.009172722601532771
2021-07-14,-0.009177332097309452
2021-07-15,-0.00914093699766593
2021-07-16,-0.009299343124972919
2021-07-19,-0.009145137702503636
2021-07-20,-0.009285930667442786
2021-07-21,-0.009277425011493708
2021-07-22,-0.009269081042176157
2021-07-23,-0.009330456039355214
2021-07-26,-0.009321647060182169
2021-07-27,-0.009246699286973088
2021-07-28,-0.009291977011989905
2021-07-29,-0.009262240799292318
2021-07-30,-0.009280626242864038
2021-08-02,-0.00921506598425477
2021-08-03,-0.009252433580292032
2021-08-04,-0.009342635881942058
2021-08-05,-0.009241850935117878
2021-08-06,-0.00923251703207834
2021-08-09,-0.009301475201576575
2021-08-10,-0.009255949638117439
2021-08-11,-0.009198309769616714
2021-08-12,-0.009250631266517931
2021-08-13,-0.009269336726129852
2021-08-16,-0.009283507491080301
2021-08-17,-0.009178221564800531
2021-08-18,-0.009239741688315326
2021-08-19,-0.00929520355672004
2021-08-20,-0.009322131171496134
2021-08-23,-0.009290724427080406
2021-08-24,-0.009263192729829466
2021-08-25,-0.009198050733698887
2021-08-26,-0.009306393227204997
2021-08-27,-0.00925338029502051
2021-08-30,-0.009292014778797967
2021-08-31,-0.009309784074937356
2021-09-01,-0.00928949458383354
2021-09-02,-0.009278880847663463
2021-09-03,-0.009266947325853838
2021-09-07,-0.009259191322129295
2021-09-08,-0.009305717923566091
2021-09-09,-0.009394702522122845
2021-09-10,-0.00902706869465061
2021-09-13,-0.00901746833949963
2021-09-14,-0.00877909654039894
2021-09-15,-0.008763487354449354
2021-09-16,-0.00860931086208265
2021-09-17,-0.008599523333371934
2021-09-20,-0.008690795696886956
2021-09-21,-0.008794560878684195
2021-09-22,-0.008691066572419219
2021-09-23,-0.008771893787470663
2021-09-24,-0.00870873547015816
2021-09-27,-0.00861393951063541
2021-09-28,-0.008610475572928673
2021-09-29,-0.008548597729414681
2021-09-30,-0.008539870318936311
2021-10-01,-0.00868902459660592
2021-10-04,-0.00859501781385667
2021-10-05,-0.008640433252978636
2021-10-06,-0.008660116168988477
2021-10-07,-0.00870367842994714
2021-10-08,-0.008586532826304874
2021-10-12,-0.008568977463761644
2021-10-13,-0.00860780853932699
2021-10-14,-0.008534391586224939
2021-10-15,-0.008657754869251346
2021-10-18,-0.008515282897644675
2021-10-19,-0.008515574507123055
2021-10-20,-0.008447311261404073
2021-10-21,-0.00852516669451681
2021-10-22,-0.00849387730746503
2021-10-25,-0.008379696151492644
2021-10-26,-0.008428202960368269
2021-10-27,-0.00835669670896773
2021-10-28,-0.008473373546509937
2021-10-29,-0.008417565325404337
2021-11-01,-0.008369587915689121
2021-11-02,-0.0083586921498534
2021-11-03,-0.007807263485337052
2021-11-04,-0.0077515804708258845
2021-11-05,-0.007723014246681111
2021-11-08,-0.007767152133789148
2021-11-09,-0.007692772208544489
2021-11-10,-0.007730024707772014
2021-11-12,-0.007602511580082708
2021-11-15,-0.007628623743850512
2021-11-16,-0.007683217461605235
2021-11-17,-0.0076412655651108006
2021-11-18,-0.007672711791873664
2021-11-19,-0.007680928285659199
2021-11-22,-0.007752253672687402
2021-11-23,-0.007680885008209813
2021-11-24,-0.0076511832138388206
2021-11-26,-0.007671189059810474
2021-11-29,-0.00776266319275398
2021-11-30,-0.007752374031240336
2021-12-01,-0.007849470676362975
2021-12-02,-0.007823075342899877
2021-12-03,-0.007890198917669792
2021-12-06,-0.007835731382182336
2021-12-07,-0.007887559866394058
2021-12-08,-0.007932109195137746
2021-12-09,-0.007954744205626274
2021-12-10,-0.007947799669085745
2021-12-13,-0.007952522199344711
2021-12-14,-0.007973604951538748
2021-12-15,-0.007979212119821723
2021-12-16,-0.00800175050657359
2021-12-17,-0.008044173644726784
2021-12-20,-0.008096300601906739
2021-12-21,-0.008161248791978062
2021-12-22,-0.008175349030435496
2021-12-23,-0.008144996538771555
2021-12-27,-0.0081870481692462
2021-12-28,-0.008158415194434969
2021-12-29,-0.008143125608977618
2021-12-30,-0.00809693455521793
2022-01-03,-0.008108897091408438
2022-01-04,-0.008157588761767509
2022-01-05,-0.00818560640224165
2022-01-06,-0.008238483915321507
2022-01-07,-0.008214459813455406
2022-01-10,-0.008184247544614151
2022-01-11,-0.00825683530641145
2022-01-12,-0.008327094710167873
2022-01-13,-0.008133922518288077
2022-01-14,-0.00826218287901846
2022-01-18,-0.008267448666082571
2022-01-19,-0.008458003864046774
2022-01-20,-0.0084197714026716
2022-01-21,-0.008488904166449193
2022-01-24,-0.008604181440234155
2022-01-25,-0.00861821735134051
2022-01-26,-0.008615912891211892
2022-01-27,-0.008655839075738095
2022-01-28,-0.008529772416243978
2022-01-31,-0.008593904092832208
2022-02-01,-0.008446379548550055
2022-02-02,-0.008501108652606984
2022-02-03,-0.008464399388353718
2022-02-04,-0.008569177994340803
2022-02-07,-0.00865285661933353
2022-02-08,-0.008594584011358895
2022-02-09,-0.008625368282999429
2022-02-10,-0.008653789535480802
2022-02-11,-0.008720465188349187
2022-02-14,-0.008898015085331668
2022-02-15,-0.008941614269534996
2022-02-16,-0.009036714669639791
2022-02-17,-0.008986598659387104
2022-02-18,-0.009110783648898804
2022-02-22,-0.009205951357517537
2022-02-23,-0.009168198749983295
2022-02-24,-0.009337019213967174
2022-02-25,-0.009364250108124847
2022-02-28,-0.009308591996913845
2022-03-01,-0.009255802798676747
2022-03-02,-0.009342056782968238
2022-03-03,-0.00930583514845062
2022-03-04,-0.009342358551374299
2022-03-07,-0.009411998380110346
2022-03-08,-0.00961101798899481
2022-03-09,-0.009617354789970101
2022-03-10,-0.00983881698171848
2022-03-11,-0.009797008847788603
2022-03-14,-0.009938179927688494
2022-03-15,-0.009988959241475914
2022-03-16,-0.009953134556361843
2022-03-17,-0.010038369442591528
2022-03-18,-0.010089855165994303
2022-03-21,-0.009987484958752131
2022-03-22,-0.009968343959514854
2022-03-23,-0.010008654496790897
2022-03-24,-0.010039953614579251
2022-03-25,-0.010002431607071817
2022-03-28,-0.00997828678220127
2022-03-29,-0.009940056804641379
2022-03-30,-0.009947132743141187
2022-03-31,-0.00996160648721952
2022-04-01,-0.010077761607597994
2022-04-04,-0.010066797636572946
2022-04-05,-0.01004118850887892
2022-04-06,-0.01013645984713249
2022-04-07,-0.010181907028674544
2022-04-08,-0.010197966164297936
2022-04-11,-0.010245355018287834
2022-04-12,-0.01032505601464982
2022-04-13,-0.010275798380593483
2022-04-14,-0.01035928782772414
2022-04-18,-0.010480814975791081
2022-04-19,-0.010423826393729943
2022-04-20,-0.010476318048067743
2022-04-21,-0.010438509834817034
2022-04-22,-0.010552632718053534
2022-04-25,-0.010734901263678624
2022-04-26,-0.010795160016352398
2022-04-27,-0.011043925810824293
2022-04-28,-0.010958842322425657
2022-04-29,-0.01103905255436794
2022-05-02,-0.011379294758285063
2022-05-03,-0.01116998681269691
2022-05-04,-0.011302786570272269
2022-05-05,-0.011392726960907713
2022-05-06,-0.011683937011884337
2022-05-09,-0.01167402267117579
2022-05-10,-0.01191845601730484
2022-05-11,-0.011884205321226093
2022-05-12,-0.011910071196793555
2022-05-13,-0.011865981951707572
2022-05-16,-0.011789001920336176
2022-05-17,-0.011902936143063335
2022-05-18,-0.011896205119377324
2022-05-19,-0.012286015618828718
2022-05-20,-0.012367135905253736
2022-05-23,-0.012436420981289014
2022-05-24,-0.012343914346911795
2022-05-25,-0.012417258427317932
2022-05-26,-0.01231992704959511
2022-05-27,-0.01234854136003528
2022-05-31,-0.012440779209775316
2022-06-01,-0.012445121441032471
2022-06-02,-0.012419291703300467
2022-06-03,-0.01265211276006792
2022-06-06,-0.012554347586166222
2022-06-07,-0.012576493371623055
2022-06-08,-0.012633116426491127
2022-06-09,-0.012565907242631326
2022-06-10,-0.012816356526755201
2022-06-13,-0.013083321263269571
2022-06-14,-0.013571661226360972
2022-06-15,-0.013543934591317258
2022-06-16,-0.013476231450601294
2022-06-17,-0.013778711620549059
2022-06-21,-0.013658149460395426
2022-06-22,-0.013578658635815491
2022-06-23,-0.013597352622099936
2022-06-24,-0.013688177263069526
2022-06-27,-0.013741074916297233
2022-06-28,-0.013626872776471425
2022-06-29,-0.013914630246744514
2022-06-30,-0.01380690979374628
2022-07-01,-0.013979838322198786
2022-07-05,-0.013880420580529658
2022-07-06,-0.013920481283613426
2022-07-07,-0.013957068932765588
2022-07-08,-0.014002642989796027
2022-07-11,-0.01387171037942218
2022-07-12,-0.013914831936233146
2022-07-13,-0.014018624761755619
2022-07-14,-0.01417809836603245
2022-07-15,-0.014104408998812571
2022-07-18,-0.01404938300528706
2022-07-19,-0.014068468120043531
2022-07-20,-0.014097359902388862
2022-07-21,-0.01402159567522119
2022-07-22,-0.014086751525273005
2022-07-25,-0.014133186287513125
2022-07-26,-0.0141152014860668
2022-07-27,-0.014179935645821252
2022-07-28,-0.014238783926423311
2022-07-29,-0.014193351106238945
2022-08-01,-0.01421486297332611
2022-08-02,-0.014262291664350765
2022-08-03,-0.014337116470362678
2022-08-04,-0.014252867016467176
2022-08-05,-0.014257449085001324
2022-08-08,-0.014246991192565955
2022-08-09,-0.01420724875625451
2022-08-10,-0.01420353295266242
2022-08-11,-0.014320606659949274
2022-08-12,-0.01423552730421847
2022-08-15,-0.014349108846583478
2022-08-16,-0.01436660342408146
2022-08-17,-0.014252157279358696
2022-08-18,-0.014202653248055544
2022-08-19,-0.014312368392826366
2022-08-22,-0.014359437416008963
2022-08-23,-0.0145110632312869
2022-08-24,-0.014522690058196131
2022-08-25,-0.014513472494225922
2022-08-26,-0.014613414818081429
2022-08-29,-0.014656597052450598
2022-08-30,-0.014667103418774245
2022-08-31,-0.014837025728739246
2022-09-01,-0.014748633928011401
2022-09-02,-0.014846641179783883
2022-09-06,-0.014830842273507687
2022-09-07,-0.014770139456652405
2022-09-08,-0.014816558511789993
2022-09-09,-0.014814905808034769
2022-09-12,-0.014939484174137442
2022-09-13,-0.014905262988872778
2022-09-14,-0.015323797798413974
2022-09-15,-0.015289873328037084
2022-09-16,-0.015388413478299272
2022-09-19,-0.015353510493903707
2022-09-20,-0.015447141445343966
2022-09-21,-0.015374558106767322
2022-09-22,-0.015560979077748905
2022-09-23,-0.015371384442984809
2022-09-26,-0.015549248007493145
2022-09-27,-0.015734637587762317
2022-09-28,-0.015772133205478378
2022-09-29,-0.01572341570144819
2022-09-30,-0.015732954694732525
2022-10-03,-0.015631824242076653
2022-10-04,-0.015692370874433526
2022-10-05,-0.015821825949997457
2022-10-06,-0.015896849990626277
2022-10-07,-0.01587071893028562
2022-10-11,-0.016041142866946613
2022-10-12,-0.016183121373109337
2022-10-13,-0.016161531919705978
2022-10-14,-0.016111095484533367
2022-10-17,-0.016422909913377515
2022-10-18,-0.016351340776775088
2022-10-19,-0.016480470789892634
2022-10-20,-0.01641199008013841
2022-10-21,-0.016388019426283876
2022-10-24,-0.016377407870273527
2022-10-25,-0.016382144109503734
2022-10-26,-0.016537309514768516
2022-10-27,-0.016495821720916144
2022-10-28,-0.01664657995593363
2022-10-31,-0.016520319301158798
2022-11-01,-0.016492159525938244
2022-11-02,-0.01654611607688907
2022-11-03,-0.01672746328219884
2022-11-04,-0.016828858559520158
2022-11-07,-0.01689480166014968
2022-11-08,-0.01700712589587926
2022-11-09,-0.01683860057688193
2022-11-10,-0.017030030483514223
2022-11-14,-0.017175271826198445
2022-11-15,-0.017207903067153398
2022-11-16,-0.017278639725829794
2022-11-17,-0.01739752717838274
2022-11-18,-0.01729845951764266
2022-11-21,-0.01718513413853159
2022-11-22,-0.017253072071855457
2022-11-23,-0.017372039746985413
2022-11-25,-0.017224046451724363
2022-11-28,-0.017308450667695742
2022-11-29,-0.01737286807861776
2022-11-30,-0.01726481450576561
2022-12-01,-0.017313115994469785
2022-12-02,-0.017148396862647474
2022-12-05,-0.017212500609704858
2022-12-06,-0.017355666977490046
2022-12-07,-0.017312869252422487
2022-12-08,-0.017388297556911632
2022-12-09,-0.01720548315375998
2022-12-12,-0.01737163819156117
2022-12-13,-0.017327765558511562
2022-12-14,-0.017351368037051156
2022-12-15,-0.017348909173615992
2022-12-16,-0.01737346055326037
2022-12-19,-0.017449243641083207
2022-12-20,-0.01743481393052827
2022-12-21,-0.01742090158157767
2022-12-22,-0.017353119064025747
2022-12-23,-0.017500254592444975
2022-12-27,-0.017332853929124033
2022-12-28,-0.017691068729762456
2022-12-29,-0.01746972393880602
2022-12-30,-0.017374084733078044
2023-01-03,-0.017619764845397214
2023-01-04,-0.017443553245204264
2023-01-05,-0.0173812105893042
2023-01-06,-0.017595177287655278
2023-01-09,-0.017589701892947982
2023-01-10,-0.017517804884142358
2023-01-11,-0.017523563068716427
2023-01-12,-0.017560631237503614
2023-01-13,-0.017629923151222242
2023-01-17,-0.017647542237761247
2023-01-18,-0.01752039703640659
2023-01-19,-0.017457576224344015
2023-01-20,-0.017592605164672447
2023-01-23,-0.017442169901520286
2023-01-24,-0.017468174063917385
2023-01-25,-0.017337395593149025
2023-01-26,-0.017352384609167507
2023-01-27,-0.01723605496228676
2023-01-30,-0.017145931257030123
2023-01-31,-0.017304013627148215
2023-02-01,-0.017267521559250754
2023-02-02,-0.01716717402187949
2023-02-03,-0.017340258877347497
2023-02-06,-0.01723790047057661
2023-02-07,-0.017157276552017493
2023-02-08,-0.017355434644892812
2023-02-09,-0.01727226148093793
2023-02-10,-0.01722767712872646
2023-02-13,-0.017296552730129998
2023-02-14,-0.017191714761856675
2023-02-15,-0.01705440817483606
2023-02-16,-0.01705899706449954
2023-02-17,-0.01722657386741563
2023-02-21,-0.017262309826994074
2023-02-22,-0.017296570943724273
2023-02-23,-0.017150094589391367
2023-02-24,-0.017127464559891975
2023-02-27,-0.017133290739901955
2023-02-28,-0.017119575936776658
2023-03-01,-0.017054393676971827
2023-03-02,-0.01698095183335902
2023-03-03,-0.016787273474910377
2023-03-06,-0.016877966057405016
2023-03-07,-0.01684388352904522
2023-03-08,-0.016929575209272314
2023-03-09,-0.016684577394794897
2023-03-10,-0.016766216250134983
2023-03-13,-0.01680599525404602
2023-03-14,-0.016778638005283723
2023-03-15,-0.016513077182351316
2023-03-16,-0.016739504191689902
2023-03-17,-0.01665659765105655
2023-03-20,-0.016662434783916727
2023-03-21,-0.016600809937541715
2023-03-22,-0.016614034029375842
2023-03-23,-0.016739893356617096
2023-03-24,-0.016720087807144523
2023-03-27,-0.01664591689856981
2023-03-28,-0.016722568644714192
2023-03-29,-0.01672559650988581
2023-03-30,-0.016728453715025737
2023-03-31,-0.016603681275107217
2023-04-03,-0.016538277395236854
2023-04-04,-0.016577013171805516
2023-04-05,-0.016506660882006023
2023-04-06,-0.01656232526660232
2023-04-10,-0.016474101830529414
2023-04-11,-0.016400445991584085
2023-04-12,-0.016399539000525175
2023-04-13,-0.016535405268888134
2023-04-14,-0.01654982796225178
2023-04-17,-0.016425938309946445
2023-04-18,-0.016472464434675586
2023-04-19,-0.016263754556850366
2023-04-20,-0.016249689996391387
2023-04-21,-0.01639069461249207
2023-04-24,-0.016419265646115757
2023-04-25,-0.01625849715857116
2023-04-26,-0.01629658475655472
2023-04-27,-0.016255181091060982
2023-04-28,-0.015893009286577334
2023-05-01,-0.015806458399108148
2023-05-02,-0.015988372872713853
2023-05-03,-0.015655053148003778
2023-05-04,-0.0158157693298384
2023-05-05,-0.015662733242596566
2023-05-08,-0.015777774854403806
2023-05-09,-0.01557087882873424
2023-05-10,-0.015524250983509874
2023-05-11,-0.015460958038620758
2023-05-12,-0.015306748148789429
2023-05-15,-0.015343304186025659
2023-05-16,-0.01514390867673117
2023-05-17,-0.015302348096099185
2023-05-18,-0.015353296966727598
2023-05-19,-0.015180204045949192
2023-05-22,-0.014810766934022102
2023-05-23,-0.014852123783400756
2023-05-24,-0.014713713433561378
2023-05-25,-0.01485507609491985
2023-05-26,-0.01477050951775069
2023-05-30,-0.014813700485181595
2023-05-31,-0.014790115050592897
2023-06-01,-0.014738313263458019
2023-06-02,-0.014918333920339215
2023-06-05,-0.014794905927452095
2023-06-06,-0.01475801804964074
2023-06-07,-0.014686054162457584
2023-06-08,-0.014617516349395475
2023-06-09,-0.014777085654786424
2023-06-12,-0.014652774998598525
2023-06-13,-0.014437686724993659
2023-06-14,-0.014182703000997764
2023-06-15,-0.013754022767351753
2023-06-16,-0.01375912433712468
2023-06-20,-0.013900851991648755
2023-06-21,-0.013621570270996171
2023-06-22,-0.013631217059453202
2023-06-23,-0.01365789704736478
2023-06-26,-0.013697625423418248
2023-06-27,-0.01369811914577306
2023-06-28,-0.01364195642635372
2023-06-29,-0.013667828782943743
2023-06-30,-0.013440058013329662
2023-07-03,-0.013444189086265337
2023-07-05,-0.013359712891016774
2023-07-06,-0.013445478396439168
2023-07-07,-0.013416210164221726
2023-07-10,-0.013398697854895565
2023-07-11,-0.013375451244185427
2023-07-12,-0.013439586876503524
2023-07-13,-0.013347245693291633
2023-07-14,-0.013256974865683537
2023-07-17,-0.01320007559493851
2023-07-18,-0.013189058386366817
2023-07-19,-0.013185029389939339
2023-07-20,-0.013117797914767797
2023-07-21,-0.013049967507375694
2023-07-24,-0.013208177425353363
2023-07-25,-0.01318143831968759
2023-07-26,-0.013134264816353202
2023-07-27,-0.013061480537181341
2023-07-28,-0.013005244140041086
2023-07-31,-0.013020169216273013
2023-08-01,-0.013054061287245053
2023-08-02,-0.013062254676184385
2023-08-03,-0.013264262260482515
2023-08-04,-0.01310470465771256
2023-08-07,-0.013090671871746416
2023-08-08,-0.013180289582701074
2023-08-09,-0.013056495707544353
2023-08-10,-0.013176824278927794
2023-08-11,-0.013162234656547431
2023-08-14,-0.013121284402885135
2023-08-15,-0.013082823296950671
2023-08-16,-0.013165244495286634
2023-08-17,-0.013274932125836626
2023-08-18,-0.013338636154463806
2023-08-21,-0.013130524242572666
2023-08-22,-0.013242593931411254
2023-08-23,-0.013125878384631872
2023-08-24,-0.012958931690413724
2023-08-25,-0.012958094532787467
2023-08-28,-0.012991701640023428
2023-08-29,-0.013035009210246475
2023-08-30,-0.012848115765515918
2023-08-31,-0.01278331320682623
2023-09-01,-0.0126517134263372
2023-09-05,-0.01275285531500627
2023-09-06,-0.01265534185656771
2023-09-07,-0.012788744230632483
2023-09-08,-0.012660609329485421
2023-09-11,-0.012689904022779645
2023-09-12,-0.012615892860788912
2023-09-13,-0.012627466760489169
2023-09-14,-0.012592912996747013
2023-09-15,-0.012080877122260948
2023-09-18,-0.012148997251513142
2023-09-19,-0.01219031782125044
2023-09-20,-0.012112768509025242
2023-09-21,-0.01209410589538843
2023-09-22,-0.012209114067936042
2023-09-25,-0.011943307358644526
2023-09-26,-0.012001062147024273
2023-09-27,-0.011912590987061723
2023-09-28,-0.011800364445291662
2023-09-29,-0.011879149983869783
2023-10-02,-0.011782836602885986
2023-10-03,-0.011628402686428101
2023-10-04,-0.01168652421667704
2023-10-05,-0.011672819693764694
2023-10-06,-0.011523808759834546
2023-10-10,-0.011473125117430826
2023-10-11,-0.011461856702618428
2023-10-12,-0.011102678946070997
2023-10-13,-0.011103773895959672
2023-10-16,-0.011092058357867543
2023-10-17,-0.010992781091381023
2023-10-18,-0.010762842904242526
2023-10-19,-0.010789163453622344
2023-10-20,-0.01083433101889398
2023-10-23,-0.010773168302512516
2023-10-24,-0.010818928647015228
2023-10-25,-0.010753135762397384
2023-10-26,-0.010843402611568556
2023-10-27,-0.010963786711521649
2023-10-30,-0.010953131674766378
2023-10-31,-0.010916714761335166
2023-11-01,-0.010801236023641343
2023-11-02,-0.010869530243679752
2023-11-03,-0.01078813544449161
2023-11-06,-0.010673066521111482
2023-11-07,-0.010513693498702693
2023-11-08,-0.010471903273140055
2023-11-09,-0.010516220128791092
2023-11-13,-0.010583812646867986
2023-11-14,-0.010284155377653832
2023-11-15,-0.009841524723441148
2023-11-16,-0.009924989035302137
2023-11-17,-0.009815615477819856
2023-11-20,-0.009842381450632924
2023-11-21,-0.009831551390940189
2023-11-22,-0.009864197098039831
2023-11-24,-0.009751331734852021
2023-11-27,-0.009754318957063458
2023-11-28,-0.009741409120520603
2023-11-29,-0.009701710877606002
2023-11-30,-0.009718676710408892
2023-12-01,-0.009653073570210533
2023-12-04,-0.00953641235424588
2023-12-05,-0.009572772173380482
2023-12-06,-0.009575518940305673
2023-12-07,-0.00948245817511413
2023-12-08,-0.009483879232770522
2023-12-11,-0.009336606772383904
2023-12-12,-0.009456263939775956
2023-12-13,-0.009354169736344602
2023-12-14,-0.009314727136963791
2023-12-15,-0.00935898120109586
2023-12-18,-0.009375851319523265
2023-12-19,-0.009140508171536157
2023-12-20,-0.0091095833040721
2023-12-21,-0.009190828726019383
2023-12-22,-0.00925251703606454
2023-12-26,-0.009120893670852616
2023-12-27,-0.009026770717156001
2023-12-28,-0.009016253004208608
2023-12-29,-0.008971548763020424
2024-01-02,-0.009017776109404846
2024-01-03,-0.008999180114299619
2024-01-04,-0.009058098821220868
2024-01-05,-0.008935125152441397
2024-01-08,-0.008973293269138965
2024-01-09,-0.00880567060850083
2024-01-10,-0.008808733032985726
2024-01-11,-0.008798698930953412
2024-01-12,-0.008780990790950408
2024-01-16,-0.008848554865308297
2024-01-17,-0.008838376874071225
2024-01-18,-0.008904013476046203
2024-01-19,-0.008911712620147932
2024-01-22,-0.00882126191835822
2024-01-23,-0.008789677615799626
2024-01-24,-0.00863527430706002
2024-01-25,-0.008740148973250513
2024-01-26,-0.008758473850417316
2024-01-29,-0.008711222347816752
2024-01-30,-0.008732080772597621
2024-01-31,-0.008647980971810416
2024-02-01,-0.008746253803169173
2024-02-02,-0.008780006847739542
2024-02-05,-0.008729212127158265
2024-02-06,-0.00875463325002469
2024-02-07,-0.00860923400251362
2024-02-08,-0.008557449618040223
2024-02-09,-0.008560023890987324
2024-02-12,-0.008460702361424077
2024-02-13,-0.008561821414830815
2024-02-14,-0.008606986501611326
2024-02-15,-0.00859923043915652
2024-02-16,-0.008621004468350025
2024-02-20,-0.00858119880712098
2024-02-21,-0.00849271879765723
2024-02-22,-0.008531424977695193
2024-02-23,-0.008322966766788844
2024-02-26,-0.008344291970938085
2024-02-27,-0.008401749020383034
2024-02-28,-0.008327184517499309
2024-02-29,-0.008368091836022423
2024-03-01,-0.008341300179443735
2024-03-04,-0.008329027667331297
2024-03-05,-0.008290839180173554
2024-03-06,-0.008360869704771484
2024-03-07,-0.008316688265183744
2024-03-08,-0.008189641720152439
2024-03-11,-0.008231142803734433
2024-03-12,-0.008069855795778114
2024-03-13,-0.008013624435517721
2024-03-14,-0.00804596600486182
2024-03-15,-0.008035479509653408
2024-03-18,-0.007951066139989412
2024-03-19,-0.007818631156425053
2024-03-20,-0.007802919384095901
2024-03-21,-0.007762033510142912
2024-03-22,-0.007827142969759577
2024-03-25,-0.007751644342185909
2024-03-26,-0.007712068703453698
2024-03-27,-0.007734733451111958
2024-03-28,-0.007703869393727292
2024-04-01,-0.0077377308818192105
2024-04-02,-0.007769661317809793
2024-04-03,-0.007840378053102632
2024-04-04,-0.007815480204357888
2024-04-05,-0.007857512565975921
2024-04-08,-0.007851994873913935
2024-04-09,-0.0077206234393865725
2024-04-10,-0.007758764729921052
2024-04-11,-0.007935061837270604
2024-04-12,-0.007930846632992148
2024-04-15,-0.008036188828326624
2024-04-16,-0.008103140931976944
2024-04-17,-0.008107513626740533
2024-04-18,-0.008134881263827444
2024-04-19,-0.008087546764617792
2024-04-22,-0.008149006175668437
2024-04-23,-0.008107633973305398
2024-04-24,-0.008166365806948248
2024-04-25,-0.008152513135576833
2024-04-26,-0.007997679550645273
2024-04-29,-0.00790240225175988
2024-04-30,-0.007996604278927628
2024-05-01,-0.00802242946540194
2024-05-02,-0.008074507420382909
2024-05-03,-0.008087681259209735
2024-05-06,-0.008024478642316923
2024-05-07,-0.007978945118632676
2024-05-08,-0.007969587351918337
2024-05-09,-0.008037420784835466
2024-05-10,-0.007945465329348669
2024-05-13,-0.007899796093648867
2024-05-14,-0.00789487683431841
2024-05-15,-0.007855243096119163
2024-05-16,-0.007813862841307936
2024-05-17,-0.007867462294259974
2024-05-20,-0.007850802165658869
2024-05-21,-0.00784726150587803
2024-05-22,-0.007853865434436575
2024-05-23,-0.007912680707997078
2024-05-24,-0.007817598838391969
2024-05-28,-0.007788148468442964
2024-05-29,-0.007771968821453921
2024-05-30,-0.007869155391083597
2024-05-31,-0.007850334706780518
2024-06-03,-0.007840708595666053
2024-06-04,-0.007793958249012425
2024-06-05,-0.007738386653010933
2024-06-06,-0.00781137505098719
2024-06-07,-0.007827605524563581
2024-06-10,-0.007833841469893505
2024-06-11,-0.007812948409011445
2024-06-12,-0.007770827119688095
2024-06-13,-0.0077637076767643936
2024-06-14,-0.0078093579125972715
2024-06-17,-0.007752734686701893
2024-06-18,-0.007764435837652894
2024-06-20,-0.007865686778090922
2024-06-21,-0.007800766721906815
2024-06-24,-0.007730987796685272
2024-06-25,-0.00774956051286649
2024-06-26,-0.007729284147694478
2024-06-27,-0.0076914808614593
2024-06-28,-0.00770218112802494
2024-07-01,-0.007708611650751778
2024-07-02,-0.007660171296287818
2024-07-03,-0.007680522790362128
2024-07-05,-0.007646115395266552
2024-07-08,-0.007663391532197482
2024-07-09,-0.007595845605070204
2024-07-10,-0.007657463396745208
2024-07-11,-0.007683522378891737
2024-07-12,-0.007669403312317278
2024-07-15,-0.007589780528440162
2024-07-16,-0.007577068107577911
2024-07-17,-0.007584131534908793
2024-07-18,-0.007708950382621597
2024-07-19,-0.007724494377648613
2024-07-22,-0.007778800805755632
2024-07-23,-0.007780843968655005
2024-07-24,-0.007708665752629962
2024-07-25,-0.00794155231072222
2024-07-26,-0.007947108630206968
2024-07-29,-0.007956827194401314
2024-07-30,-0.007920823764350207
2024-07-31,-0.007882304502593227
2024-08-01,-0.007961475774360748
2024-08-02,-0.008016782951482034
2024-08-05,-0.007967464781300882
2024-08-06,-0.008215126381478048
2024-08-07,-0.008253391397974997
2024-08-08,-0.008243968778085737
2024-08-09,-0.008298312223770763
2024-08-12,-0.008254174186146638
2024-08-13,-0.008209110767190556
2024-08-14,-0.008225790630403296
2024-08-15,-0.008321209514586097
2024-08-16,-0.008146749629790674
2024-08-19,-0.008134308817400888
2024-08-20,-0.008030778914069373
2024-08-21,-0.008063362013324773
2024-08-22,-0.008111636322099228
2024-08-23,-0.008138722216168482
2024-08-26,-0.008145512277115657
2024-08-27,-0.008094498534695512
2024-08-28,-0.00804319679778987
2024-08-29,-0.008083255583703366
2024-08-30,-0.00816912898336042
2024-09-03,-0.008085863380526645
2024-09-04,-0.008331992816756726
2024-09-05,-0.008232842349626531
2024-09-06,-0.008194922666266348
2024-09-09,-0.008294575088029535
2024-09-10,-0.008345113211646264
2024-09-11,-0.008281651270049994
2024-09-12,-0.00832537436129112
2024-09-13,-0.00826277976950967
2024-09-16,-0.008254745886934044
2024-09-17,-0.00824517061574283
2024-09-18,-0.008165284825899243
2024-09-19,-0.00821326100599639
2024-09-20,-0.008163129005058428
2024-09-23,-0.008145559514014557
2024-09-24,-0.008010049722114405
2024-09-25,-0.008050702403793812
2024-09-26,-0.008056028431923372
2024-09-27,-0.007909361273773955
2024-09-30,-0.007890713625639872
2024-10-01,-0.007886877764460579
2024-10-02,-0.007957169364009163
2024-10-03,-0.007982227716737367
2024-10-04,-0.007908668736638667
2024-10-07,-0.007893409987926843
2024-10-08,-0.007890444980036295
2024-10-09,-0.007884378765282134
2024-10-10,-0.007875895145233833
2024-10-11,-0.007900173030759537
2024-10-15,-0.007823028914831076
2024-10-16,-0.007861719434932458
2024-10-17,-0.007811548395932213
2024-10-18,-0.007793785238124821
2024-10-21,-0.007668951534577616
2024-10-22,-0.00762643341709182
2024-10-23,-0.0075626819196789275
2024-10-24,-0.007672255087362136
2024-10-25,-0.0076893259096324565
2024-10-28,-0.007569575580541468
2024-10-29,-0.0074825390274331225
2024-10-30,-0.007498948975992775
2024-10-31,-0.007458916983339853
2024-11-01,-0.0075760422928019665
2024-11-04,-0.007569317433937149
2024-11-05,-0.007588835101561188
2024-11-06,-0.007573057405120038
2024-11-07,-0.007559998763174675
2024-11-08,-0.0074944082614815345
2024-11-12,-0.007587748506538151
2024-11-13,-0.007554529287558149
2024-11-14,-0.007582490831904812
2024-11-15,-0.007447169195726793
2024-11-18,-0.007552728105642893
2024-11-19,-0.0076047919304678005
2024-11-20,-0.007611992734247041
2024-11-21,-0.007549813018536072
2024-11-22,-0.007567538003520449
2024-11-25,-0.007525912517171684
2024-11-26,-0.007624625077911347
2024-11-27,-0.007545021681218703
2024-11-29,-0.007570975065602783
2024-12-02,-0.007478119899934358
2024-12-03,-0.007554145133902991
2024-12-04,-0.0075224710209871115
2024-12-05,-0.007447319378906315
2024-12-06,-0.007484944414987166
2024-12-09,-0.007463457062623216
2024-12-10,-0.007453899501352978
2024-12-11,-0.0074464661617138226
2024-12-12,-0.007541285293544629
2024-12-13,-0.007558637247304125
2024-12-16,-0.00757891170945845
2024-12-17,-0.0075615887423927655
2024-12-18,-0.007527180265144257
2024-12-19,-0.007865483261305584
2024-12-20,-0.007896983250133742
2024-12-23,-0.007754885024570783
2024-12-24,-0.007818221390065053
2024-12-26,-0.007800364577333693
2024-12-27,-0.007809502526806424
2024-12-30,-0.007855160483922978
2024-12-31,-0.007919854989320964
